0.020813,-1.2094635457609793,0.022743747388755012,1.5496899357144869,0.009125821096754172,-0.0019025189137827074,-0.000793701014077229
0.035731,-1.2095241113597242,0.022727169619910816,1.5498722562413725,0.01222151272862331,-0.001196695452163107,-0.0013098325890974786
0.0553,-1.2096127164284336,0.02270312555640944,1.5501390115716431,0.013631525896608062,-0.0013231459796114065,-0.0019442079409250541
0.075255,-1.2097101382592186,0.022658782941852747,1.5504312136042087,0.014643048487371645,-0.002322499834217927,-0.0025364740648442232
0.097905,-1.2098265053998685,0.02257143758782601,1.5507781679818216,0.01531807406679394,-0.003960128394080547,-0.00315099157490946
0.11754,-1.2099311162423325,0.022472321068581963,1.5510889065804765,0.015825749867835807,-0.0051535847817514545,-0.0036310718092190265
0.13582,-1.2100309661382105,0.022366159917081213,1.5513849043985706,0.016192440814773723,-0.005914014939246288,-0.0040400213389147135
0.15409,-1.2101327077154267,0.02224730604577592,1.5516859808120245,0.016479278240502052,-0.006612277200156754,-0.004416570942239912
0.17387,-1.2102447693446283,0.022098855074592118,1.5520167027694043,0.01672001806774138,-0.007611995481498066,-0.004792378262197114
0.19559,-1.2103695511441217,0.02190714069765022,1.5523836309467973,0.016893562495073334,-0.008932955299843491,-0.005170740065736782
0.22314,-1.2105291719605937,0.02165034292691776,1.5528526366622575,0.017023800924143573,-0.009426247720650144,-0.005606613190696868
0.24014,-1.210628371900463,0.021489994766981258,1.5531442989487492,0.017156605087745077,-0.00953542729186945,-0.005842455297817941
0.2531,-1.2106923480236471,0.02189115241938685,1.5533594625903695,0.016602132841077314,0.03086156675856362,-0.00598010914941769
0.27283,-1.210764269121103,0.023672451698854624,1.5536713004578846,0.015805264445771416,0.09020651163611379,-0.006110893723927016
0.29374,-1.2108158546655068,0.026816218850719876,1.553990538629621,0.015267248767887636,0.15028325306864682,-0.006068325793446962
0.31292,-1.2108550419643462,0.03071010728022858,1.5543073725144276,0.01651897209627347,0.2029551624484477,-0.005230506037465506
0.33463,-1.2108927499912872,0.036392174652398857,1.5547052828855457,0.018328437177243154,0.2616615944600421,-0.0042697466385864784
0.35225,-1.2107911047700393,0.04179456990327251,1.554660747347808,-0.0025275560577529893,0.30665898833354976,-0.03601091043019206
0.37183,-1.2104546882708802,0.04875890578372425,1.5539823585314079,-0.03464702841675751,0.3559171263121541,-0.06936987153201586
0.39272,-1.2097393798506733,0.057280383500963275,1.5522502743235291,-0.08291451449874233,0.40843943516163644,-0.10430113937210983
0.41204,-1.2086871712282221,0.06608971128545878,1.5495590000012867,-0.13929991315954918,0.45690093243974644,-0.1352471221091726
0.44134,-1.2060145809839635,0.08174315665734438,1.5424736722610062,-0.24182005939523765,0.5360638180994451,-0.17974071596404836
0.45117,-1.204917216651043,0.08723563903522631,1.5396227233191877,-0.2900253247017884,0.5616841994956041,-0.1956610158278455
0.47085,-1.2020730820107894,0.099284847375289,1.5321508990083645,-0.37966586945239167,0.6164635014584593,-0.22257406001152252
0.49102,-1.1983832879415828,0.11272217819342029,1.522557086271872,-0.4756476319530286,0.6727742254565734,-0.24734664454990973
0.51101,-1.193910896452218,0.12706502135789904,1.5111228971015296,-0.571995456245242,0.7274546989743625,-0.2690576952182185
0.53966,-1.1858794195243423,0.14966160295570466,1.4909243324287245,-0.7050109833439795,0.8040259208484329,-0.2953647007068181
0.55184,-1.181982390050655,0.1595724251036553,1.4815547087673833,-0.7692630263826886,0.8366304104275653,-0.3063321843662288
0.57009,-1.1754306985536682,0.1751185072430973,1.4659880734011688,-0.8529663214364146,0.8804452592114118,-0.3199064495310809
0.58991,-1.1674299326239892,0.1926649976532475,1.4474501846816943,-0.9353122461894237,0.9226649069407014,-0.3325626838919611
0.61137,-1.157715574645938,0.21232118647749987,1.4255780425768472,-1.0192051307011754,0.9646805007200567,-0.344691308077631
0.62954,-1.1486643059051467,0.22927674149011038,1.405885775441892,-1.0837791488692894,0.9954255054435338,-0.3537273386870885
0.64945,-1.1378340526872508,0.24822051830667452,1.3829498831406521,-1.1519785183947717,1.0278606808818436,-0.3627184448166632
0.66873,-1.1264205209267188,0.2668113547917124,1.3595064190935142,-1.215947305349469,1.05784251648819,-0.37067955372407824
0.68915,-1.1132996388746776,0.28675050923202317,1.3333179752122255,-1.2824899060376425,1.089493638532433,-0.3783505818943653
0.70915,-1.0993794809508055,0.30644448750331704,1.306375452028436,-1.3471261591894808,1.1208002357729698,-0.3851801360657512
0.73554,-1.0794082799216929,0.3327382965719427,1.2688067450835547,-1.4235963222766728,1.1595082066014066,-0.3927028490777331
0.74821,-1.0692233198943777,0.3450911818207541,1.2504843435148345,-1.446124827838994,1.1699360638679708,-0.3953232422806885
0.76772,-1.0527702782736177,0.36417167555950186,1.221385437439016,-1.4914867286426714,1.1937701679932047,-0.3994688601692296
0.78746,-1.0350833198709335,0.38337088818776655,1.19096304486573,-1.54115463897092,1.2205735559067261,-0.4034953552792137
0.81588,-1.007595896722195,0.41113060946217994,1.14482147476794,-1.6235598204711528,1.2657487589948024,-0.4093034184771122
0.83952,-0.9829036628082094,0.4336919556462877,1.1049574502678874,-1.6862954526248957,1.3006864685213284,-0.4133264929234258
0.8476,-0.9741184283736961,0.44109382914287026,1.0912554307920483,-1.6957944895840382,1.3068382088130308,-0.4139518545730893
0.86708,-0.952284632835452,0.458913780500932,1.0574896290780444,-1.7333573775156097,1.3287208646900237,-0.4162693428463832
0.88669,-0.9293231363977839,0.4763251357599526,1.022806660186332,-1.7686368634223624,1.3484425616675098,-0.4185423513717897
0.90628,-0.9054846232230732,0.49307277995418464,0.9876071873758666,-1.7968082088037423,1.3636830994545186,-0.4205244657055706
0.92694,-0.8794096190205334,0.5100008527385647,0.94992400976035,-1.8239679387955758,1.3789571296238718,-0.42232036592355265
0.95021,-0.8488299340826465,0.5281926557062159,0.9066482692697555,-1.8597224104252021,1.4003552286823284,-0.42419782291713
0.96566,-0.8278428564736566,0.5394692184811213,0.8776495808865086,-1.8769377594334657,1.4120281352924184,-0.4249661036950316
0.98568,-0.7998504993375216,0.5534506644318702,0.8394932515422104,-1.9059105566582462,1.4306243201347584,-0.426209971320668
1.005,-0.7720384284161096,0.5660246083326322,0.8022331855788395,-1.9285748428245932,1.4458003373473018,-0.4271398219124922
1.0251,-0.7423462352142333,0.5781295952134332,0.7630696260897234,-1.9484357954784148,1.4597776294189877,-0.42789162191217384
1.0452,-0.7119954513406723,0.5891537835368851,0.7236712034933414,-1.9601205271831845,1.470365487092718,-0.4281335845197838
1.066,-0.6806072476782064,0.5992050202014432,0.6835403794754785,-1.929366539320316,1.4508181901493697,-0.4282932158860395
1.0843,-0.6529525037620729,0.6068846921986941,0.6486804100370844,-1.904916362753775,1.4367164473650447,-0.42825322969929214
1.1043,-0.6226447693908009,0.6141862804067567,0.6108503905902567,-1.8915009723413836,1.4281413356409631,-0.42876127734751546
1.1245,-0.5919606052547024,0.6203844953642631,0.5729278979106748,-1.8773511227515831,1.4203134530425903,-0.42902335897243965
1.1446,-0.5614356967849593,0.6253976003353647,0.5355723774862264,-1.8584836032063852,1.4113526838396935,-0.4288316611453708
1.1636,-0.5325960641222005,0.6290693955001683,0.5005627823745329,-1.8426102690365107,1.4039605638356303,-0.42872666008026167
1.1833,-0.5026778855234636,0.6318272884742395,0.46440657837464533,-1.8353403045628165,1.3995513491731708,-0.429272448670906
1.2029,-0.4728465014477455,0.6334795092414914,0.42841621631094845,-1.836242962433508,1.3985655583146297,-0.43029071967321697
1.226,-0.4376031768070033,0.634131367919601,0.38587166361636177,-1.8417555279041944,1.3995240570777103,-0.43165963922154715
1.243,-0.4116517068065025,0.6335111404561126,0.3545515678781125,-1.8423585728381795,1.400579060211468,-0.4320979511701603
1.2626,-0.3817930141725767,0.6318719255202803,0.31850281679851555,-1.8392219938570027,1.399615488251582,-0.432451698415238
1.282,-0.35240313931752115,0.6292204154246788,0.2830047960245297,-1.8297948852569939,1.3959491357043499,-0.43240685182407246
1.3018,-0.32261430617331843,0.6254873230259873,0.2469572760278207,-1.8205818180156041,1.3919907899136477,-0.4324528195578156
1.3233,-0.29050076242848705,0.6202910234741392,0.20792349714443742,-1.8155245992271418,1.3892549809769705,-0.43288867194860803
1.3424,-0.2622137621199276,0.6145838173339181,0.17332771448478185,-1.8112975214479252,1.3874144119283385,-0.43319356805521947
1.3615,-0.2341605131607951,0.6079104346810472,0.13876839761774606,-1.8093883176458634,1.3864926079040587,-0.43364618819826967
1.3814,-0.2051973553814268,0.5999521726225479,0.10276584087206707,-1.8091737058130122,1.3861268200664543,-0.43424057419169854
1.4023,-0.17511847218772184,0.5905128724861068,0.06498527003090881,-1.8076828153664115,1.3852566028588564,-0.43475019785238006
1.4215,-0.14783916233837865,0.5808106462948676,0.030299465767927525,-1.8065523053636199,1.3849828430110804,-0.4351393852196312
1.4415,-0.1197552219564172,0.5696970178742259,-0.005918964066257838,-1.8109214917092664,1.3867182274053538,-0.4359400366096751
1.4608,-0.0930246912788164,0.5579692260159399,-0.04095642710574657,-1.8154125927196143,1.3885740109695293,-0.43669532540479583
1.4806,-0.06602883578544756,0.5449710943059805,-0.07694033627725047,-1.8173691500759712,1.3891628817343473,-0.43731940255952967
1.5002,-0.039813613142656565,0.5311729037801062,-0.11250166491905095,-1.8143535021326715,1.3876661507601673,-0.4376074412061928
1.5199,-0.014039091768133755,0.5164399311399344,-0.14807487004534892,-1.8057464531115672,1.3840392852798944,-0.43749360791667935
1.5421,0.014359876467520422,0.49885007895871986,-0.18807348333934346,-1.8017393375673219,1.382130798825072,-0.4377551430509933
1.5604,0.037183207631358045,0.4834202592009576,-0.2210551046035897,-1.8022743860243868,1.3828269265076556,-0.43808356566858936
1.5802,0.06132964444677176,0.46590480043674926,-0.25677564116296625,-1.8040675029988107,1.3838029387464297,-0.438561959745287
1.5992,0.08387568519481328,0.4483003707025353,-0.2910015141816194,-1.8013617378238589,1.3830379622827893,-0.43869870305913694
1.6189,0.10658338732799762,0.4293068321118748,-0.3263736712900201,-1.795540969969573,1.3808361589315152,-0.4386727381601481
1.6409,0.13114331016854502,0.4072590474623459,-0.3657732649880198,-1.7908906226363492,1.3787354452062859,-0.438832038093678
1.659,0.150610796860369,0.3883570703776783,-0.39814333760089904,-1.7884018018165322,1.3779205440744413,-0.43897977191117343
1.6788,0.17123494785207333,0.36697398765557315,-0.43362004963024525,-1.7917531327952587,1.3788567173670994,-0.43966769829662455
1.6979,0.19039329055538262,0.34562630087318497,-0.4679096669102308,-1.7952679204180997,1.3798253935761466,-0.4403442514829765
1.7178,0.20957073817567295,0.3227183806716094,-0.5036339962959007,-1.795192431440698,1.3793009590824978,-0.4407871029317644
1.7381,0.22825957332116337,0.29871681437403225,-0.5399815252718507,-1.7905186687660157,1.3769339507482006,-0.4409136490592222
1.7573,0.24505886717916817,0.2754854661743873,-0.5741701814981953,-1.7806591784554362,1.3725397848127654,-0.4406609088144427
1.7772,0.26159252353720713,0.2509340522686406,-0.6094044920537727,-1.77056836962702,1.3676977460292286,-0.4404819088978527
1.798,0.2779249073000641,0.22475095290507513,-0.6461141721926249,-1.7648884682140367,1.3643768350527483,-0.4406673415453366
1.817,0.29194816303673643,0.20030294463967388,-0.6796598104639864,-1.7655599090190333,1.3640232788030993,-0.4411640837291431
1.8406,0.3083380729155501,0.16933530343687397,-0.7214063002115985,-1.768919057102204,1.3649108474401386,-0.44186103439914326
1.8566,0.3185728827955872,0.14789393479328417,-0.7496932609823442,-1.7679350481716065,1.3653659671445517,-0.4418613974146996
1.8763,0.33042741716005875,0.1211457983173799,-0.7845177804217461,-1.767742103522935,1.3656279937554374,-0.44207690903613384
1.8967,0.341730242314173,0.09304044151014826,-0.820573843519715,-1.7674540734298494,1.365456956335082,-0.4423711142592108
1.9166,0.35175499692383316,0.06521979201299631,-0.8558090965376031,-1.7706157295421132,1.3661674881716674,-0.44299156318057414
1.936,0.36055465712849516,0.037728221761544195,-0.890270179421314,-1.7763444785418168,1.3674254993843054,-0.4438685248824614
1.9555,0.36842732098363495,0.009761478378182496,-0.9250302314729141,-1.7825667718769183,1.3687393587845371,-0.44479200793390977
1.9752,0.375385164409386,-0.018786995564939103,-0.9602330330886283,-1.7869442444524926,1.3699099661183156,-0.44544629545664594
1.9997,0.38279278503814057,-0.05456766282301013,-1.0039787827206355,-1.7855408013064173,1.369918630379976,-0.4454834063723863
2.0197,0.3875839117639945,-0.08399775813171875,-1.039595463571873,-1.7808340425618954,1.3700118921261097,-0.44494251458433537
2.0355,0.39056245532729034,-0.10736726486612946,-1.06766987715044,-1.7768616188966424,1.3707602617337091,-0.4443497248398863
2.0542,0.3933209913429891,-0.1351319840272266,-1.1008937787226882,-1.7766792284624724,1.3718808880414346,-0.44430599054514897
2.0745,0.3953118258895879,-0.16536768732798596,-1.1369799551400377,-1.7776441584901082,1.3724126715634202,-0.4445818445991572
2.0936,0.3961624444032104,-0.19384584800004043,-1.1708945285957453,-1.775632118099878,1.3716085644871274,-0.44466625718385877
2.1137,0.39605211895712306,-0.2237933356123718,-1.2065123749432018,-1.7720321565898554,1.3702315940902667,-0.44463664443048406
2.1356,0.3947806534354544,-0.25637299476836756,-1.2452631998826813,-1.7694440611634465,1.3693495399395506,-0.44467074768649956
2.1537,0.39269268604153673,-0.2832408105978692,-1.2772771630432938,-1.7687272464426735,1.3695561705727612,-0.4447202568066719
2.1728,0.389572752878971,-0.31153811392331804,-1.3111158968671976,-1.7716614567489044,1.3709113321921789,-0.44509796277306957
2.1925,0.38534043272958907,-0.34066031876756997,-1.3461497478546147,-1.7783680704272828,1.3735562399933836,-0.4457797280977983
2.2132,0.3797994776156487,-0.3711362741483963,-1.3830686052733323,-1.7835196820636425,1.3756458729364436,-0.4463348745905844
2.2334,0.3733121084876025,-0.4006414296480295,-1.4190463484923974,-1.7810763969834227,1.375052292426945,-0.4462729993006831
2.2528,0.36610850027710684,-0.42867378242729653,-1.453444973208374,-1.7731249853596083,1.3722293654979996,-0.4458328784754941
2.2717,0.3582078032967435,-0.45564114529092553,-1.486769490869217,-1.7632019926371985,1.3680876499344763,-0.445379331282149
2.2914,0.3490742299711397,-0.48339413581665325,-1.521386696271135,-1.757218548320724,1.3648990135231887,-0.4453487073433133
2.3126,0.33820332210050186,-0.5129029030335654,-1.5586824716963554,-1.759234689868859,1.36489837159926,-0.44588461276006847
2.3354,0.3252942658539881,-0.5442358675785508,-1.5989237278878017,-1.7649673768178396,1.367293463830514,-0.44647791361309536
2.3526,0.3146019388690286,-0.5674956984218044,-1.6293112061278132,-1.7667138511634781,1.369263845896891,-0.4464747165467413
2.3707,0.3026084992217261,-0.5916412231881488,-1.6612943874147077,-1.7670265904361542,1.370474794548497,-0.446423253344346
2.3904,0.2887051329373077,-0.6175115079009107,-1.6961473715404993,-1.7691870114614812,1.3716208331838702,-0.44669053700926437
2.4114,0.27290066381033745,-0.6445775761920383,-1.733387174147008,-1.7733239336432736,1.3728393438713447,-0.44725728534157
2.4308,0.25734335021884214,-0.669044161143233,-1.767886242880507,-1.7783025120360352,1.3743426198555302,-0.4478694911121735
2.4551,0.2367481854813219,-0.699035854779098,-1.8112647653325726,-1.7851243807434556,1.3762939493104058,-0.4486980033848033
2.4698,0.22350353698303546,-0.716628487668006,-1.8375328889342915,-1.7869471837903481,1.3769214604659958,-0.44894741305659397
2.4894,0.2052744674574167,-0.7395781570284986,-1.8724669786796218,-1.7823515176189313,1.374642261535033,-0.44885826637907417
2.5102,0.18515916608843752,-0.7631936934984203,-1.9093851305386627,-1.7749111470692418,1.3714263167150478,-0.44853530265943226
2.5365,0.15866436729227915,-0.7920836912408454,-1.95600700518373,-1.7726948534246103,1.370728697658019,-0.4485064727686708
2.5494,0.14502862055414945,-0.805640414918138,-1.9788492558474176,-1.7707171057122553,1.371082865642533,-0.44819941167633043
2.5688,0.12405558389457119,-0.825556584057834,-2.0132158769639545,-1.7714753152854086,1.3713163316652133,-0.4484061800987379
2.5886,0.10198247833701582,-0.8451202732084765,-2.048261675915471,-1.7699898460361683,1.3702103933669567,-0.4485559610117369
2.6092,0.07836447836605019,-0.8646325197420819,-2.084634086733311,-1.7656510105747831,1.368117142583135,-0.44847476591694885
2.6357,0.04707712589935659,-0.888621227285391,-2.131442217707099,-1.7663445650485918,1.368655467248869,-0.44863282267727256
2.6505,0.028961794706693893,-0.9012108888059422,-2.1576316363757675,-1.7695553154505756,1.3712742366872346,-0.44865080804895835
2.6678,0.007347328544250603,-0.9153996437398123,-2.188345103992994,-1.7753449489726305,1.3747678805420946,-0.4489013102382414
2.6875,-0.01781760338167924,-0.9308194680703566,-2.2234399094177157,-1.7814622043006123,1.3778299058995729,-0.4493125123447737
2.7081,-0.04472906167350184,-0.9460227136087437,-2.260229387886747,-1.7858970130597702,1.3796951160456272,-0.44972277983265396
2.7278,-0.07099058324956119,-0.9596104086548496,-2.2954215056590477,-1.7864019173756793,1.3801678626449552,-0.4498069708179547
2.7492,-0.0999866646514319,-0.9733619054949654,-2.3335665981891296,-1.7824809593495912,1.3792802673947369,-0.44949569025785446
2.767,-0.1245067546597261,-0.9838807194017849,-2.36523967258818,-1.7793862021938642,1.3789830250392874,-0.4491716333061585
2.7864,-0.1515905834779461,-0.9945007695946771,-2.3997642817922444,-1.7796190311373383,1.3796328512859264,-0.4491799347480674
2.8061,-0.17945721044597387,-1.0043326272042068,-2.4348319355274017,-1.7800839459470779,1.3800510002760875,-0.44927915348800956
2.826,-0.20794752488370488,-1.0132726761479958,-2.470271761706936,-1.7808957879162652,1.380474623453621,-0.4494316999542833
2.8457,-0.2364449369310219,-1.0211203352772105,-2.5053452320693173,-1.7803792062122472,1.380451851317766,-0.44946893170333946
2.8657,-0.26559932785459633,-1.0280733264077242,-2.54087063236591,-1.7762700148296189,1.379056077860784,-0.44924285691232413
2.8855,-0.2946468491602126,-1.0339324281982856,-2.5759567445559184,-1.7720258681822416,1.3774693821071877,-0.44904088228011263
2.9053,-0.3238907824139209,-1.038765136521565,-2.611066870182307,-1.773238667999441,1.3777391070502094,-0.44929531714912035
2.925,-0.35319500506998225,-1.0425356425849461,-2.6461224024527468,-1.7794686431695286,1.3798946532789063,-0.44992101137138785
2.9457,-0.38418088911425174,-1.045400071745773,-2.683106437289327,-1.7866683495932418,1.382684218232286,-0.45055284000396206
2.9679,-0.41757478355626076,-1.0472307048731164,-2.722895265322716,-1.7922895510535555,1.3853744306185385,-0.45094824248470466
2.9843,-0.44228658345112914,-1.0476095324073589,-2.7522743985836047,-1.7914105646883427,1.386048656761523,-0.4507261792138878
3.004,-0.47193948570180533,-1.0472126824725194,-2.7874716804328687,-1.7866640532621512,1.3849385721872054,-0.4503076810696682
3.0244,-0.5025914777792279,-1.0457340401167787,-2.8238616386293045,-1.7838214802174408,1.3841835379055447,-0.4501230388882832
3.0438,-0.5316602293567421,-1.043274112503805,-2.8584413648104077,-1.782460112428,1.3837760027127846,-0.45009580692174345
3.0636,-0.5612139931282973,-1.0397437578756312,-2.893712683603041,-1.7813797370016857,1.383363951973314,-0.45011709694640745
3.0833,-0.5904812145058487,-1.0351951727192445,-2.9288133748117477,-1.781760975061256,1.3835872727707905,-0.4502273951455474
3.1032,-0.6198643740327803,-1.0295701267465986,-2.96425627391204,-1.7810502060448026,1.383548827459335,-0.4502203785349346
3.1234,-0.649468768993786,-1.0228127221418855,-3.0002159690086843,-1.7801829255764534,1.3835667644577467,-0.4501758344394457
3.1429,-0.6777999655378287,-1.0152677062793807,-3.034927598425781,-1.7800835598511422,1.383866426542229,-0.4501878528198602
3.1627,-0.7062953931638152,-1.0066077529965565,-3.070192413788294,-1.7810512809349945,1.3844199509692512,-0.4503148643234733
3.1825,-0.7344909322657304,-0.9969343827986131,-3.105504895459343,-1.7834586702549982,1.3855356074808372,-0.4505430293074015
3.2033,-0.7637874389331311,-0.9856976373923667,-3.142713996088506,-1.7888990687097717,1.3880774516182053,-0.45093392284107525
3.223,-0.7911825060424241,-0.9739906992819801,-3.1780750242642046,-1.7949760495278742,1.3912780391053305,-0.4512644763379525
3.2423,-0.8175972437218951,-0.9615985028304623,-3.2126616144810765,-1.7920513065736365,1.3911480584803577,-0.45089840630300854
3.2615,-0.8433806820731814,-0.9484348443278009,-3.2468819929234654,-1.782311377207781,1.3881819009010201,-0.4500889850385823
3.2813,-0.8694533344681789,-0.9340055893166173,-3.2820402169260516,-1.775667878918487,1.3860963850561194,-0.4495917072063996
3.3027,-0.8970608136964496,-0.9174440356154093,-3.319998457255637,-1.7737495481114376,1.38570238214296,-0.44948223109187857
3.3216,-0.9208827853561482,-0.9018992494569927,-3.3535253751999687,-1.7739110023455968,1.3863734187597285,-0.44945359414038644
3.3414,-0.9452930960786391,-0.8847833995069676,-3.3886501479638436,-1.7739784224179127,1.3870946598130949,-0.4494025108361887
3.3608,-0.9686082501454423,-0.867195617820695,-3.4230292687963404,-1.7721196305411124,1.3870279623827841,-0.44921934568953914
3.3802,-0.9913051832108893,-0.8488253365011386,-3.457383572742229,-1.7708404095818613,1.3869106384736858,-0.4491446343534104
3.4002,-1.0140681110174965,-0.8290489975732499,-3.492904390484722,-1.7760408871246631,1.388961511517875,-0.44962468413721957
3.4201,-1.0360360848834975,-0.8085204046385244,-3.5283826373628258,-1.782826476286594,1.3914932372557698,-0.4502429151152612
3.4404,-1.0576981327408366,-0.7867745389411783,-3.5646275802344682,-1.78546516609078,1.3923486940980088,-0.45056711065131044
3.4597,-1.0775372943211314,-0.765344389323099,-3.5991413797524396,-1.7882797677705025,1.3931605040285966,-0.45092113520809085
3.4791,-1.0967229597939827,-0.7431168338094825,-3.633865522901158,-1.7899042860164465,1.3933618456724115,-0.4512188054588388
3.4989,-1.115495707796965,-0.719776412063146,-3.669287798983813,-1.7890038425583383,1.3926805452596516,-0.4513078321324627
3.5246,-1.1387699864033238,-0.6886494306194857,-3.715239248183783,-1.787994132294544,1.3922981401009142,-0.45132292622897013
3.539,-1.151001568677122,-0.6706319383440402,-3.7409670698228017,-1.7866542804874044,1.3924798317844456,-0.4511148035803509
3.5594,-1.1676778458509127,-0.6446584097672016,-3.777425356719971,-1.7871709263318216,1.393223399480155,-0.45110395847911167
3.5813,-1.184562826489361,-0.6161330078174672,-3.816564633218046,-1.7871815752545643,1.393836497415257,-0.4510444283331623
3.5996,-1.197741196916988,-0.5917474587102712,-3.8492828483766086,-1.7878806097575302,1.3948965514682294,-0.45098158513709385
3.6183,-1.2103897489889845,-0.5664158155064947,-3.882674930080459,-1.7856728183877304,1.3945883273106285,-0.4507665701742905
3.6377,-1.2226205291678078,-0.5397607950657136,-3.917222457375738,-1.7808003760453024,1.3926580757328129,-0.4505013610980774
3.658,-1.2344395587211399,-0.5114467607674935,-3.953383507849528,-1.7813325356547014,1.39226965379514,-0.45076651112959837
3.6769,-1.2444802372643735,-0.48467597444315774,-3.9871174275379238,-1.78486347557651,1.393267711031886,-0.4511886626137246
3.7033,-1.257244942903223,-0.4467745583926791,-4.034329418144701,-1.7883329775294075,1.3950638159844344,-0.4514310605748913
3.7195,-1.2639863216736136,-0.4231592940750838,-4.06329164209297,-1.787791601745025,1.3963035084066637,-0.4511057299278819
3.7368,-1.2704670327729677,-0.39776012092447305,-4.094152481174218,-1.7838635307079493,1.3960183054390956,-0.4505930812041439
3.7565,-1.2769598008251855,-0.3686694448404461,-4.129191722795427,-1.7786417066603726,1.3943780413514386,-0.4502025006775869
3.7759,-1.2823463243539281,-0.33984950508789824,-4.163640078446377,-1.7756884356159925,1.3929132407079412,-0.4501475757579594
3.7999,-1.2877651055127897,-0.3040011886065732,-4.206268858908325,-1.7761991859144706,1.3921472171877862,-0.45051503419556316
3.8158,-1.2903381287753877,-0.28014133413736564,-4.23448360524004,-1.774512347906661,1.3909409841373683,-0.45058790723476816
3.8366,-1.2928223686732714,-0.24887428772825212,-4.271353506292515,-1.7725913967535922,1.3897329783007117,-0.45064106409978966
3.863,-1.2945142265996517,-0.2091039021857956,-4.3181344334832135,-1.7720048178294694,1.3896581880593482,-0.4506593742783677
3.8785,-1.2944226373669885,-0.1857231281063663,-4.345589268334388,-1.7712796678177138,1.3904447624401046,-0.45041231361777206
3.8951,-1.293640961681935,-0.16066981668636,-4.3750094509368145,-1.772300156772666,1.3919535515923276,-0.4502924938621896
3.9197,-1.2913698790945392,-0.12350544588418891,-4.418755766545721,-1.7783055125571505,1.3950194229733996,-0.45065915620349123
3.9352,-1.2889071717787388,-0.10012747895956473,-4.44638637808282,-1.7826200991676666,1.3977143200673712,-0.45079355153120526
3.9548,-1.2849603364355755,-0.07060884457905858,-4.481419040891043,-1.7873807555215866,1.4001487667055406,-0.45107716629516054
3.9739,-1.280106029329669,-0.041976438954199155,-4.51558010175006,-1.7885372177495853,1.4010895257620757,-0.45111373997656506
3.9962,-1.2733313846497505,-0.008805012520701726,-4.555344582936057,-1.7831605913003183,1.399387948188524,-0.45070415157650684
4.0135,-1.2670917637066312,0.016651504137751752,-4.586066042305917,-1.7758068999919518,1.3969578254666566,-0.45013203985071476
4.0339,-1.2588261512379966,0.04640845524632745,-4.622252435609132,-1.7738428089811031,1.3960040154967002,-0.4501192655376698
4.0532,-1.2499708232334115,0.07428076496160309,-4.6565598024198005,-1.7775837725734658,1.3969975354793889,-0.45058373674077845
4.0728,-1.2399852169697698,0.10228894128600349,-4.691486845233822,-1.7819919803072313,1.3983336596962712,-0.45107239668424576
4.0954,-1.2273463583900353,0.13416693880970781,-4.731772633910273,-1.782557021081923,1.3985342542732955,-0.45119720388868734
4.1131,-1.2164518682530712,0.1587190266165378,-4.7633188609462715,-1.7822727138981898,1.3987930689541255,-0.45115030357542196
4.1338,-1.2027913764727252,0.18703813356435686,-4.8002695382822615,-1.785056876134796,1.3998943755709097,-0.4514217448774135
4.1524,-1.1895563374345188,0.2120394253850269,-4.833551380708963,-1.7893463670269503,1.4014203027229934,-0.45183110476850047
4.1721,-1.174621548196111,0.2380761198769135,-4.868918867125812,-1.7953038790278406,1.4036002697554053,-0.45235937457702163
4.1958,-1.1555081879587803,0.2687924457288886,-4.911593824540452,-1.800631114541785,1.4059242029639891,-0.45275282368326464
4.2117,-1.1418026375319008,0.2888563904256924,-4.940255422068948,-1.8026161967607863,1.4075066554701403,-0.4527441559044966
4.2318,-1.1237520121697926,0.3137273014601749,-4.976493149339667,-1.8028720035184225,1.4082408998134917,-0.4526612801791656
4.2511,-1.1056072997687305,0.33694232768165544,-5.011185513844848,-1.797531839646625,1.4065629447799035,-0.45222608866843567
4.2709,-1.0862158909906556,0.3600754837339307,-5.046686694729417,-1.7929889335641367,1.4048693806886166,-0.4519331709928441
4.2905,-1.0662273617308449,0.3822738825896356,-5.081812555510893,-1.792135754156935,1.404483173252944,-0.4519426924978397
4.3108,-1.0447101085233745,0.40453400832977526,-5.118238856825081,-1.794399079516617,1.4053086837059188,-0.4521811407918783
4.3305,-1.0230491727077533,0.4253650670057319,-5.153603062537556,-1.7951373458109752,1.4056154959913816,-0.45228593077556356
4.3505,-1.0003610253626785,0.4457047052234954,-5.189428626253106,-1.7912781857774587,1.4040240824825905,-0.4520810901204854
4.3697,-0.9779473919655354,0.46441095847694647,-5.223717938134159,-1.7859016604715736,1.4015156595214353,-0.45184446399036343
4.3894,-0.9543675276084014,0.48276961175856326,-5.258788559267296,-1.7802345752860558,1.3984254396364322,-0.4517028178072694
4.4095,-0.9297008219998752,0.5006195305745962,-5.294525022848754,-1.7779335115153134,1.396425965492323,-0.4518618021538593
4.4299,-0.9040277595150354,0.5178209022416639,-5.330827203468254,-1.7795186578186637,1.3962464391416634,-0.4522301563114917
4.4568,-0.8693100721908118,0.5392779101526259,-5.378820725164024,-1.7841457879468097,1.3981743193985314,-0.45261145518933865
4.4691,-0.8529636452039739,0.5483287786980169,-5.40078835187867,-1.7859859117598096,1.3999508573480717,-0.452522137355129
4.4886,-0.8267299101041544,0.5621164786599124,-5.435615772792924,-1.7860215853464099,1.4007222675739417,-0.4523918016753926
4.5082,-0.7999182015373583,0.5750500831057402,-5.470565779118421,-1.7831635880355265,1.400008629732432,-0.45213725891958484
4.529,-0.7710393135601005,0.5877686945730572,-5.507583933390294,-1.7797189553785537,1.398651706359878,-0.45194479467295556
4.5483,-0.7438539503931275,0.5985659887278616,-5.541879641091738,-1.7769796736498977,1.3974108916870966,-0.45184115282053605
4.568,-0.7157717412031461,0.608623497007519,-5.576841064420863,-1.7746915395495653,1.3961642283109321,-0.4518168332277703
4.5877,-0.6874113155274567,0.6176870968529962,-5.611706276761442,-1.7698077330242883,1.3937916929828134,-0.45163025352747244
4.6083,-0.6575093733115664,0.6261207104077867,-5.648049814307582,-1.764249395443691,1.3911275749157974,-0.4514051636393459
4.6274,-0.6295698241136056,0.6329270791442523,-5.681656998263628,-1.759538427018135,1.38896449356164,-0.4512000817366661
4.6486,-0.5983439583261851,0.6394341096385386,-5.718925182006697,-1.75793319542779,1.3880750947235794,-0.45121581219783596
4.6676,-0.5701546882305466,0.6442167582354661,-5.752341589493811,-1.7587582887954387,1.388274365700483,-0.45136937936692484
4.6863,-0.542245837759393,0.6479893343297496,-5.785278509613927,-1.7613326267441864,1.3891951701282335,-0.45163943806765666
4.7081,-0.5095768229460522,0.6513105181406025,-5.823692727102198,-1.7621200682693368,1.3893869426986332,-0.45179063011792686
4.7266,-0.4818057836865068,0.6530722573087929,-5.856210184657732,-1.7577004084071652,1.3876692682536924,-0.4515179473199601
4.7457,-0.45317550533440665,0.6539797649355481,-5.889615149721814,-1.7489510504755115,1.3840702677605945,-0.45097847984226286
4.7655,-0.42358228536772813,0.6539540487828288,-5.924056083839934,-1.7394411170768078,1.379840062134828,-0.4504719125862803
4.7862,-0.39276167141032475,0.6528841729975229,-5.959894387036701,-1.7313189950128784,1.3757652383433743,-0.4501687580945584
4.808,-0.36043673403681564,0.6506099222454422,-5.997525219812943,-1.7261849897359238,1.372836805081381,-0.4500970703223036
4.8268,-0.3326945466933199,0.6476151303669685,-6.029902339938912,-1.722187240742912,1.3709603177495737,-0.4499524228238647
4.8536,-0.29331991179771405,0.6420868085555873,-6.075991302796304,-1.719737420051951,1.3706373172908601,-0.44971162898575817
4.8649,-0.2768419590809248,0.6390069939184447,-6.095384704364293,-1.7162302272558236,1.370969826573864,-0.4490791348899701
4.8842,-0.24875672516943462,0.6331954300729528,-6.128555070724973,-1.7186718321595562,1.3733889579635754,-0.4489890242611687
4.9041,-0.2199422657811473,0.6262182974471757,-6.16287286990957,-1.724512521839088,1.3766874189570522,-0.4492648919913185
4.9239,-0.19146040995621055,0.6182584228557877,-6.197157529479604,-1.731548463133021,1.3798284124466433,-0.449777776736972
4.944,-0.16277911608856346,0.6091513136571767,-6.232099309598003,-1.7383970208158546,1.3827228361005126,-0.4503130122905023
4.964,-0.13454249638686236,0.5990792913890909,-6.266928960671191,-1.7414825536593552,1.3842733257409516,-0.45052870779577336
4.9833,-0.10766570875329912,0.5884365076268373,-6.300479162501724,-1.738352426452565,1.3834316685544052,-0.4502672226190044
5.0029,-0.08079936375819594,0.5767660637830853,-6.334410413804047,-1.7311862909347777,1.380823696107803,-0.44975603943938003
5.023,-0.05370622682421196,0.5639042760308486,-6.3691096105013125,-1.7263281938938722,1.3789132688581165,-0.4494747046709293
5.043,-0.02721408511533983,0.5501843774010164,-6.403621312575378,-1.7255851037032415,1.3785914487490338,-0.4495079068325103
5.0628,-0.0014510223644597538,0.5356847397713566,-6.437840883763428,-1.7282611711136204,1.3797224224217142,-0.4497661482772429
5.0824,0.023556231044588663,0.5204586735221024,-6.471736176080276,-1.729351648818781,1.3803164837102253,-0.4498816068367017
5.1025,0.04863553957110446,0.5040130531496025,-6.506422415943619,-1.725683575290671,1.3789711698214173,-0.44966155484790743
5.1221,0.07248730046073762,0.48718112064556035,-6.540140708397224,-1.7203210435512861,1.3768510963019147,-0.4493438041150933
5.1419,0.09598816080886949,0.46938346093227296,-6.57418338015984,-1.7193268566978097,1.376380326283751,-0.4493710366945867
5.1627,0.12004865164919559,0.4498211601100202,-6.610030453639538,-1.7234169942161721,1.3779581541149069,-0.4497660208569431
5.1822,0.1419655229943788,0.4306359328061304,-6.643746382694508,-1.729022002819004,1.3803147953912296,-0.45021798176910227
5.2008,0.16227112281052142,0.4115949864140707,-6.676008023593338,-1.7344968225177517,1.3826646360958443,-0.4506404261691891
5.2209,0.18355128279256044,0.39029920257810274,-6.710919397914623,-1.7368842945912284,1.3836454403038174,-0.45087198660502736
5.2407,0.20375784690348728,0.36862401903903663,-6.745263844219114,-1.7345679951763173,1.3826868448558862,-0.45077349320510246
5.2607,0.223382457236801,0.3460874012570075,-6.779862005704111,-1.729908074249878,1.380678769699915,-0.4505347313817247
5.2811,0.2425749786077861,0.32245419554374083,-6.815089955671589,-1.7268602925234269,1.3791608995800047,-0.45045476193588707
5.3004,0.25992308591818186,0.2994890883468742,-6.8483842289593495,-1.7250918801948885,1.3781701823110153,-0.45046173354585295
5.3217,0.278207976991214,0.2735326446404982,-6.885109425334027,-1.724187623224271,1.377610980533217,-0.450515501061679
5.341,0.2938998913451134,0.24942756143475858,-6.918372095853247,-1.723454431047675,1.377359171618727,-0.4505158399927621
5.3597,0.3083096268973372,0.22561335748073025,-6.950533830490908,-1.719878857628951,1.375877254687378,-0.4503319490470296
5.3793,0.32257743966830044,0.20026163359494661,-6.984096746339593,-1.7123936657492642,1.372305903761357,-0.4499998626952215
5.3987,0.3358242814707667,0.17477552258679485,-7.017212432363676,-1.7069941249527423,1.369088885793399,-0.4499416740936911
5.4187,0.34858779638243714,0.14807550860212138,-7.051356792017108,-1.7072179826715543,1.3681049310776676,-0.4502990081004561
5.4448,0.3640468726715792,0.11259973051499082,-7.0960940948924645,-1.7140729071018117,1.3703917075148417,-0.45100195732340487
5.4603,0.37228445186774234,0.09109189335313073,-7.122748775885151,-1.7196568382378035,1.373118702498497,-0.4513331192721649
5.4788,0.381434428445851,0.06512136007059065,-7.1546446130146,-1.7240993042945782,1.375213677203658,-0.4516294443258882
5.4979,0.39001860727286997,0.038029130138553364,-7.187565100917963,-1.723585754102782,1.3747943880475848,-0.45169517220578703
5.5182,0.39818217765657893,0.008999419353285788,-7.222478731882994,-1.7198832987699177,1.3726635385686055,-0.45163925555231993
5.538,0.4051465096595769,-0.019559068784649362,-7.256514305855779,-1.7189683824638962,1.371827472246436,-0.4517416756596051
5.5648,0.4132534632889555,-0.058554457375099234,-7.3026510122033015,-1.7215188935642833,1.3731535425887562,-0.45191528619030685
5.5772,0.4161739457640057,-0.07677003981665874,-7.324013695054094,-1.722797004096117,1.374706334729409,-0.45177726861201606
5.5966,0.4201334587931608,-0.10540446942420204,-7.3575040244112575,-1.726305636967259,1.376701481345962,-0.45193313450023603
5.6166,0.42321972232069405,-0.13507863128302866,-7.392092420694088,-1.7294198141414805,1.3780780485365203,-0.4521749805320787
5.6375,0.4253655025048082,-0.1661889492603583,-7.428261645822143,-1.7305849343566926,1.37830533836617,-0.4523660334284705
5.6565,0.4262929430563107,-0.1945100736018557,-7.461124466099973,-1.7296221198857584,1.3776967486672695,-0.4523923975466612
5.6761,0.4262824478091318,-0.22375939633932812,-7.495065104282179,-1.7316652133778911,1.378421576233088,-0.4526064754698732
5.6986,0.4251193138002803,-0.25735677990668065,-7.534103366021232,-1.7350338550690434,1.3799078687511162,-0.45286219827370056
5.7162,0.4231781363891109,-0.2836110758770786,-7.564686038487863,-1.7376518446949478,1.3813697493744095,-0.4529822165109209
5.7356,0.4201439648542389,-0.31250756479847475,-7.598458282908806,-1.740837341285702,1.3829957381772038,-0.45316137527546774
5.7557,0.41600100286198355,-0.3423079060260218,-7.6334084183356685,-1.7388127078041178,1.382369020821929,-0.45300299194127086
5.775,0.41105823831521937,-0.37070107228793053,-7.6668279346853225,-1.7315811580131542,1.3794735625854897,-0.45251363786828086
5.7951,0.4049528802140371,-0.40002858109583855,-7.701520578593755,-1.7260021844991473,1.3770848048150415,-0.45218954601869776
5.8157,0.3976584690617705,-0.42984519420086575,-7.7370689735018185,-1.7256502382555183,1.3768417164360733,-0.45223612820943726
5.835,0.38982422751533996,-0.4575395603093179,-7.770416072410568,-1.7278289590025535,1.3777965552152787,-0.4524171567993352
5.8546,0.38093508949734983,-0.48538463370823154,-7.804281307717344,-1.7278181278967222,1.377854311271319,-0.4524428436505403
5.8738,0.37133275963383594,-0.5123147618726309,-7.837377485931833,-1.723759282004593,1.3760329257937218,-0.45223838560189084
5.8937,0.3605044702966103,-0.5398195580675347,-7.871549107456366,-1.7171669107806211,1.3729255537294756,-0.4519213829670667
5.9143,0.34835815406505394,-0.5678495301472546,-7.906836967969833,-1.713002937546935,1.3708260220061022,-0.45177640159808286
5.9378,0.33334883246786945,-0.599351059721276,-7.947188609681454,-1.7170911366646828,1.3723612977064101,-0.4521578296702021
5.9543,0.32190192745800617,-0.6210557803444159,-7.975586898072884,-1.7211083873594106,1.3742967135813164,-0.45240598099876056
5.9755,0.30637713622528373,-0.6485462719126706,-8.012156820058136,-1.7249963200590548,1.3759776520050655,-0.4527028162546251
5.993,0.2927223426079367,-0.6707707311803692,-8.04239187318965,-1.727717321800841,1.3770212383882183,-0.4529469382433483
6.0126,0.2766682223205435,-0.6951967853794319,-8.076295795883537,-1.729791974177868,1.3775861593759653,-0.4532007713974505
6.0327,0.2593694483097538,-0.7196685520825368,-8.111054521793376,-1.729289846260636,1.3772972211586336,-0.4532202012294387
6.0525,0.24149344987177201,-0.7431794723178158,-8.14530920079215,-1.730034292867372,1.3779443386996049,-0.45321983306722224
6.0747,0.2205178180540904,-0.7688789277462016,-8.183801893502478,-1.7339050770417934,1.3802376176394562,-0.4533512179493044
6.0918,0.20359173001869463,-0.788060329660165,-8.213485248291516,-1.7358687011132545,1.381838474286001,-0.4533163888435628
6.1121,0.18284292811658254,-0.810222641739511,-8.248692543678748,-1.7343495264647182,1.3815339167897835,-0.4531615214102377
6.1316,0.16221222230513235,-0.830773902253279,-8.282434383506581,-1.7303507604017236,1.3797121842763769,-0.45295877308302224
6.1514,0.14062520288374497,-0.8508887502100984,-8.316591767503395,-1.7251204038794292,1.3770347234765,-0.4527604771909818
6.1711,0.11850832040784161,-0.8701329147238328,-8.35052211950978,-1.7223528937251018,1.3752215966888879,-0.4527743606701084
6.1907,0.09584939926351532,-0.8885201073239616,-8.384329276503376,-1.7248549486529445,1.375565688303287,-0.4531601385112582
6.2102,0.07266091110530461,-0.9060493303074745,-8.418055052031328,-1.7295269501513189,1.3769622812231588,-0.45365370141680655
6.2316,0.0465303503740879,-0.9244300264771855,-8.455170742352582,-1.7343780523950887,1.3786681681205182,-0.4540984527370828
6.2511,0.022098143788994405,-0.9402888819319885,-8.489023590822235,-1.736043511264287,1.3793667124262785,-0.4542358071731263
6.2703,-0.0024653850939459314,-0.955080719642963,-8.522337053441856,-1.735076178105232,1.379139814561315,-0.4541471757815243
6.2904,-0.028641153577360925,-0.969694467288474,-8.557127352436957,-1.7308606465224419,1.3776369336467937,-0.4538173022766889
6.3093,-0.0536985889759765,-0.9825693579841167,-8.589801312013206,-1.728780929960242,1.3769190644039249,-0.45366299549636874
6.3297,-0.08120460713246602,-0.9955772319999253,-8.625109804755139,-1.7308084677418667,1.3776661477954915,-0.45385669848587373
6.3492,-0.10792137770400476,-1.0070721896591504,-8.658870889308208,-1.7313376693881224,1.3776118998319358,-0.45398888108001
6.3689,-0.1352618399284262,-1.0177588801000579,-8.69294021201829,-1.7294072441665764,1.3763280455827225,-0.4540026322415444
6.389,-0.16346853042352,-1.0276968694628301,-8.727632633823458,-1.7259911345854597,1.374390125175349,-0.4539232937542127
6.4109,-0.1945394927668928,-1.0374493614832536,-8.765402229360156,-1.7246390656026993,1.3736454472035224,-0.45390403409270363
6.4304,-0.22253759528683828,-1.04508646197373,-8.79906705493446,-1.7264013115027936,1.374751957408418,-0.4539568048444311
6.4538,-0.2565322690600328,-1.0531205386144313,-8.839641821756693,-1.733964394112509,1.378616521780955,-0.4543281044811197
6.4681,-0.2775473919422784,-1.0571848494290892,-8.86453208075785,-1.7405775525285982,1.3820806394114156,-0.454619920706222
6.4878,-0.3066961422063679,-1.0620554207041293,-8.898946089149877,-1.7469039792907093,1.3848129260913444,-0.4550499350478463
6.5072,-0.33559673166955717,-1.0658544291283676,-8.932926592458854,-1.751572335514282,1.3867608157447049,-0.45538507174606463
6.5335,-0.3749110810218608,-1.0696865685368853,-8.978924963015308,-1.7489874736294206,1.3864558540212515,-0.45502331639349697
6.5511,-0.4012541044772327,-1.0710650196923344,-9.009561371057442,-1.7407050023940638,1.3842181198757266,-0.4541562189957958
6.5664,-0.4241378745614973,-1.0715818292042731,-9.036085130739012,-1.73357906415497,1.3822083295128866,-0.4534419153148867
6.5862,-0.45376872402324947,-1.0714671581587458,-9.07041459523112,-1.7338113379853004,1.3826810829515004,-0.4533924429581914
6.6103,-0.48988363942419677,-1.0700677323596612,-9.112341039269502,-1.7396864746216674,1.3852870165467428,-0.4537928226363829
6.6274,-0.5154768820777532,-1.0679960656403666,-9.142135661056674,-1.7423755431094352,1.3869836188269007,-0.453853679747354
6.6459,-0.5430937801371573,-1.0649377074135036,-9.174356126216303,-1.7416467653852628,1.3874677397909434,-0.4536274957887229
6.6656,-0.5723726898651086,-1.060748422486732,-9.208621108275706,-1.7393391908326292,1.3871818945332475,-0.4533249610364335
6.6853,-0.6014943152152469,-1.0555610426209576,-9.242880943118573,-1.7390779108055037,1.3873785613833802,-0.4532595465840657
6.7051,-0.6305985932681443,-1.0493299976420878,-9.277384527205795,-1.7426052569304114,1.3887351353416266,-0.4535610508030166
6.725,-0.659654878681037,-1.0420350673854073,-9.312160568217957,-1.7475397493548632,1.3904471953361546,-0.45401493371998103
6.7449,-0.6884576769625537,-1.0337187222792499,-9.346989483992337,-1.7501967725818068,1.391244034149692,-0.4542997867039726
6.7648,-0.716972349651288,-1.0243882992144902,-9.381871629747952,-1.7528716460108753,1.392129483613944,-0.4545627407013894
6.7844,-0.7447242948882843,-1.014219822547834,-9.416243183631213,-1.7536507083296762,1.3923594880758159,-0.4546590850252107
6.8044,-0.7726526986064401,-1.002890966534024,-9.451272872345376,-1.7514844357081158,1.3915349225297946,-0.45450947241267686
6.8241,-0.7997390143923027,-0.9907932897279695,-9.485724311796735,-1.7488040330640076,1.3907258217966938,-0.45426763066430714
6.8458,-0.8290981664257743,-0.976458304392089,-9.52364116391598,-1.7473203741587968,1.390680485190201,-0.4540437994716893
6.8645,-0.8539200431617088,-0.9631577983217551,-9.556304959076806,-1.7467270139478959,1.3910941977786604,-0.453857897027959
6.8835,-0.8786746352061797,-0.9488476761621756,-9.589436408997587,-1.7437605221463397,1.3903961444284485,-0.4535429617828576
6.9031,-0.9036881769973344,-0.933276183872171,-9.623539296853602,-1.7399432579599585,1.3891645975365234,-0.45321870491218763
6.9235,-0.9291421722978821,-0.91621381523321,-9.65897363762334,-1.7369774887126663,1.3883288367329476,-0.45294588727268914
6.9444,-0.9545811633685969,-0.8978372788435501,-9.6952289103158,-1.7347020427013893,1.3879909894177538,-0.452669465348479
6.9635,-0.9772263234953386,-0.8801921327154512,-9.728401947356536,-1.7368082220280703,1.3893300383068425,-0.45273129601984946
6.9826,-0.9992957012876941,-0.8617714720665385,-9.761653839754207,-1.740936774747146,1.390959385693666,-0.45307132497466096
7.0021,-1.0211893497037359,-0.8422138733545952,-9.795638009590519,-1.7427779403236143,1.3911600411900809,-0.4533726422909695
7.0218,-1.042616385060151,-0.8217152211275016,-9.82997945945734,-1.7432208054224645,1.3908326230412094,-0.4535619090028136
7.0479,-1.0700634043166073,-0.7935925854958601,-9.87548407819816,-1.7434719824068565,1.3912067281402658,-0.45354346050216526
7.0653,-1.087510439629195,-0.7740123601574083,-9.905844431405255,-1.7448478854653682,1.3927551968030136,-0.4534127749321426
7.0816,-1.1033143104103194,-0.755151325760003,-9.934334739300443,-1.7478716500115326,1.394946736668168,-0.45340658199762784
7.1034,-1.1237340066673005,-0.7293153783996428,-9.972472951567433,-1.749459278302328,1.3957853580124988,-0.45350056865945615
7.121,-1.1394007033997084,-0.7078686603273823,-10.003216952626834,-1.7468182420114013,1.3944792222526274,-0.453395903715866
7.141,-1.1564302637070367,-0.6829989336337664,-10.038085178073597,-1.74341127233821,1.3927928984336049,-0.45325849749747815
7.1662,-1.1768036101341566,-0.6508756614611221,-10.082126308887222,-1.747663921175621,1.3948268774176218,-0.4535201572545434
7.1839,-1.190134710855739,-0.6276369090331902,-10.113169864919588,-1.7538732221674642,1.3984430969704416,-0.4537083111706589
7.1997,-1.2014093045099732,-0.6064756535610338,-10.140969586747788,-1.7594760650760342,1.4019416797031983,-0.45381608219979536
7.2205,-1.2154920575453834,-0.5781462572710572,-10.177685592237443,-1.7651925716180203,1.404880039272864,-0.4540909165051038
7.2397,-1.227528676745064,-0.5514945521866215,-10.21165788773498,-1.769390390496718,1.406595125349959,-0.4544074465491208
7.2593,-1.23888055127987,-0.5238834374642314,-10.246352564681999,-1.7701365789296244,1.4065305883122146,-0.45457266259637746
7.2804,-1.2500548178383843,-0.49379077879313926,-10.283642594640314,-1.7672999980244175,1.4049700767581401,-0.4544939328608861
7.2995,-1.2591439783644165,-0.4662279591330963,-10.317335220616485,-1.764011831213176,1.403443599912662,-0.454327464981692
7.3198,-1.267813266060079,-0.4366623155045852,-10.353069831389409,-1.7603256538385907,1.402041768044795,-0.4540625874387152
7.3397,-1.2752738689410126,-0.40741314898589015,-10.388058412476346,-1.7582201551225032,1.401368007459053,-0.4538898363531942
7.3589,-1.2814786987841513,-0.37895786380763635,-10.421821368137786,-1.758487274033304,1.4013354442386432,-0.4539679865540568
7.3789,-1.2869321504616973,-0.34915379637786,-10.456942795584698,-1.756071372345597,1.3995802497213956,-0.45401690612329604
7.398,-1.2911371825260334,-0.3205964306471601,-10.490374618496263,-1.7503572205007982,1.3963869644939608,-0.45385602987105184
7.4201,-1.2949037905944418,-0.28748542279916367,-10.52892417123639,-1.7443236533994566,1.3935602223211367,-0.45354964816693605
7.4443,-1.297635926153348,-0.25108187955737116,-10.57113444323025,-1.7442261154486793,1.3942343304766336,-0.45339168186257606
7.4634,-1.2985746914903176,-0.22220247755245548,-10.604560759511454,-1.7500689152463094,1.3980896912511127,-0.4534570162196681
7.4778,-1.298548039829621,-0.2003440829922124,-10.629864922798482,-1.7572335615991423,1.402669195718407,-0.45356140383519966
7.4967,-1.2977732563191544,-0.17158654447889332,-10.663201032912456,-1.763815349945703,1.406282534728945,-0.45381448577796124
7.5165,-1.295947234952744,-0.14147173823694115,-10.698186386049157,-1.7669370271061322,1.4076179124855286,-0.4540423758178682
7.5363,-1.2930736682594581,-0.11146253074871332,-10.733137455089441,-1.7652055070850512,1.4065623583448947,-0.454030751469918
7.5561,-1.2891738492905103,-0.08162918299857087,-10.76798329947124,-1.7598911303938716,1.4040467072074712,-0.4537666109084809
7.5766,-1.2840966810287457,-0.05097592443853485,-10.803908727809503,-1.7524599189396834,1.4008403852940665,-0.45331199332948
7.5976,-1.2777942051538507,-0.01982941423586855,-10.840614654740659,-1.7479012824360032,1.3988371416351375,-0.45305602223921204
7.6162,-1.2712039267371715,0.007527146344906886,-10.873120801313636,-1.747642288869744,1.3984743421119468,-0.45313192557501014
7.6356,-1.2633923268834524,0.035833726447960706,-10.907072010807719,-1.7500623450557569,1.3989922556402983,-0.4534515415460488
7.6564,-1.2539931759931948,0.06587012211540667,-10.943465667031035,-1.7496950107364018,1.3984653531214195,-0.45354978648423866
7.6766,-1.2438267611369105,0.09466635708133356,-10.978754790618588,-1.7469863162155292,1.3974074425362135,-0.45337268182953344
7.6989,-1.231481160809795,0.12606033580683176,-11.017736801958415,-1.7480722573913299,1.3982915348043716,-0.4533672302646608
7.7152,-1.2215506438839154,0.14867113216840608,-11.04628618756215,-1.7514960493087781,1.4003258186962972,-0.4534697155274567
7.7352,-1.2085376831602106,0.17610685248694957,-11.08143309965756,-1.7573456047705303,1.4030039425775487,-0.4538357590672559
7.7542,-1.1952337550963887,0.20175610328801075,-11.114914057101927,-1.7621556549667565,1.405032930892398,-0.4541810287052278
7.7748,-1.1798591214410459,0.22909325566439864,-11.151287799679597,-1.76571565911021,1.4064645065509513,-0.45445904825786504
7.7942,-1.1644388076696386,0.2543095803902478,-11.185579353826965,-1.7676058838849285,1.407355425860569,-0.45457986936836214
7.814,-1.1478313647551834,0.2794912604905541,-11.220566191584723,-1.7670120079675933,1.4073251693037871,-0.4545012486021376
7.8333,-1.130809276053453,0.30344636023462473,-11.254632564678735,-1.7650970515031656,1.40668058458068,-0.4543490165371622
7.853,-1.112614408244543,0.32728861781269003,-11.289399539839124,-1.7648210741314698,1.4064805428687899,-0.4543710142487431
7.8737,-1.0926312366985667,0.3516604654033342,-11.325947949513814,-1.7656236557820557,1.406511265219611,-0.45452303763614815
7.8933,-1.0728691021135512,0.3740304234979102,-11.360583581617341,-1.7671240869146283,1.4066829029519805,-0.4547587956255877
7.9124,-1.0528648092578798,0.39514364237113886,-11.394350653196238,-1.7679095067485697,1.4064388101726109,-0.4549736005250276
7.9334,-1.030128255104383,0.4175768539334063,-11.431425023967837,-1.7654462272189984,1.404829989456622,-0.4549691122921279
7.9531,-1.008062095833686,0.4377965603779541,-11.46615194539397,-1.7627878896513502,1.4033157525781224,-0.4549058133882869
7.9727,-0.9854088250011391,0.4571439291563536,-11.500733675579344,-1.764373989049719,1.403849843978017,-0.4550616924761592
7.9979,-0.9553609853885845,0.4810357281537382,-11.54535033860449,-1.7705025009978115,1.406714667565226,-0.45541985910950267
8.0117,-0.938302162936612,0.4933914191904435,-11.569848394762584,-1.7752214607315342,1.4092860245496583,-0.45559598746705526
8.0316,-0.913235265513402,0.5106194010686994,-11.605242575810742,-1.778602062721501,1.4111238425373822,-0.4557273963726061
8.0517,-0.8873213566263034,0.5271165095034119,-11.64097557545792,-1.7777611764764967,1.4111017450520527,-0.4555953488540037
8.0712,-0.8616559609082399,0.542208093316564,-11.675576250559612,-1.774393594958587,1.409962252439853,-0.4553083131648553
8.0906,-0.8356446005462855,0.5563254051163161,-11.709945733790706,-1.7716228469634805,1.4089185946450808,-0.45510319437514196
8.1104,-0.8086552568599721,0.5698055681005477,-11.744952272432814,-1.7680070021266674,1.4073840251472318,-0.4548776444940308
8.1303,-0.7811173095188559,0.5823878947169678,-11.780052236333841,-1.7638172814587039,1.4055315004960787,-0.45463478786645245
8.1508,-0.7523584611128211,0.5943392148660659,-11.816124925217812,-1.7596433601937376,1.403682320556124,-0.45439580701614035
8.17,-0.725088565141348,0.6045490208603836,-11.84981489628006,-1.7546859928254155,1.4015492967006933,-0.45409342307860073
8.1897,-0.696815892306105,0.6140725494429318,-11.88430253028625,-1.7506413201111763,1.399726523837513,-0.45387387496249954
8.2096,-0.6679688323555961,0.6226993772225295,-11.919094857631933,-1.7483581580744785,1.3985666564420236,-0.453794536764379
8.2295,-0.6388301175634036,0.6303138132265936,-11.953912648270546,-1.749637720533305,1.3988158463739042,-0.45397871984792565
8.2507,-0.6074970373099501,0.6373343206632426,-11.991066892382054,-1.7525586845051166,1.3997099958998735,-0.4542851804370576
8.2688,-0.5805101132378917,0.6423241850828317,-12.022855731164121,-1.7562894354732685,1.4009775645486857,-0.4546321870567338
8.2902,-0.5484141241326405,0.6472010540136865,-12.060482225499447,-1.7582473988469784,1.4015372825262367,-0.4548500417417666
8.3085,-0.5208698935005353,0.6503421708117088,-12.09258349711478,-1.7541678478324516,1.3997976270458776,-0.4545946828414482
8.3292,-0.48969779261110713,0.6529097053104567,-12.128736904136064,-1.7465414019944103,1.396611360325731,-0.4540911627232515
8.348,-0.4613838691662992,0.654230260375901,-12.161454239875813,-1.7402838159439977,1.3938927044001637,-0.45371057233048984
8.368,-0.4312575485282603,0.6546525774487163,-12.196220603901859,-1.7383182013023653,1.3928267235897511,-0.45366338121676786
8.3883,-0.4007001120589302,0.6540212691746128,-12.23148064601889,-1.7369478875385282,1.392093427786464,-0.453635824548413
8.4076,-0.37174938744412583,0.6524186405760188,-12.264880688910159,-1.7305721705320358,1.3894135539600125,-0.4532270471282979
8.4276,-0.34192340465910054,0.649794099953263,-12.299292516764897,-1.7205913927369108,1.3850672970512745,-0.4526154001754739
8.4486,-0.3108161380769507,0.6459990702700394,-12.335240828134605,-1.7118243509384374,1.381087219178127,-0.45212819414819244
8.4667,-0.2841664176210312,0.6417773906845691,-12.366174403452508,-1.7090373103815173,1.379777082350695,-0.45200891008126803
8.4954,-0.24205098824023458,0.6337434657701158,-12.415382794644415,-1.7145780903103123,1.3824614240507882,-0.45234985546722783
8.5061,-0.22649314043442104,0.6299759405870348,-12.43374982168297,-1.7165445830423793,1.3845004042237288,-0.4521896308185837
8.5274,-0.19559977330729214,0.6218871713042367,-12.470402889419114,-1.720801302166454,1.3874407242466797,-0.4522207491368824
8.546,-0.16885961882563122,0.6138286144576802,-12.502455375899315,-1.7232519613011665,1.3895128136836903,-0.45215070757876535
8.5656,-0.14096471040477448,0.6044450158773197,-12.536211082818147,-1.722229944838367,1.3897246729413013,-0.45194734155237054
8.5854,-0.11314361616778731,0.594042559764036,-12.570240972039157,-1.718681273788387,1.3886240684725135,-0.4516371390258062
8.605,-0.08598260941087617,0.5828267124273268,-12.603889187615563,-1.7167456926737092,1.3879700284809051,-0.45150004454584414
8.6248,-0.058939546765724195,0.5705783993361027,-12.637884688424352,-1.71694448529241,1.3880536774034145,-0.4515522985298838
8.646,-0.03044422601112462,0.5564849646805707,-12.674290900759601,-1.7172741667569864,1.388184225531552,-0.4516172285372872
8.6647,-0.005779355324284478,0.543150320682916,-12.706393839925642,-1.716734714761683,1.3881103508314527,-0.451576082441926
8.685,0.020493561971898475,0.5278512240884594,-12.741168375494997,-1.7130313088351394,1.386749421686886,-0.45130948114759434
8.7041,0.04465878855819208,0.5126539090494009,-12.773764330210605,-1.7065944877281778,1.3842900503984346,-0.4508426120938809
8.7237,0.06891609011176998,0.49628275358526847,-12.807154733787495,-1.7035920192292213,1.3830855481102893,-0.4506656033036458
8.7436,0.09299266438044934,0.47882343557815976,-12.841116690808295,-1.7066310060702243,1.3841918797304873,-0.45096520906605225
8.7635,0.1164986696064699,0.46050164476551453,-12.87520929178775,-1.713196029118295,1.3866904661500152,-0.45152780273203735
8.7835,0.13951115148538923,0.44124570963749643,-12.909582951150144,-1.718682968119748,1.3888292922022707,-0.4519869025130423
8.8039,0.16230599640573692,0.42079094368661835,-12.944686021366882,-1.7207387361146025,1.3896434962219495,-0.4521757340215965
8.823,0.18294880245835346,0.4009266329954003,-12.977499875030261,-1.7180028096009847,1.3884873431090434,-0.4520201619545286
8.8428,0.20364033302872805,0.37967592537865064,-13.011450895531622,-1.7146980051192313,1.3868707601371084,-0.4518854746683503
8.863,0.22399146403967657,0.3573023572709466,-13.046072544739593,-1.7139430300976222,1.3861853700925153,-0.4519645200167349
8.883,0.24335283051813336,0.33448287062873794,-13.080319523075957,-1.7123489168182893,1.3853814023513233,-0.45192419403396533
8.9055,0.2642352513141296,0.3081042917762198,-13.11879474030346,-1.710009654555678,1.3845711911121412,-0.45175587652968063
8.9217,0.2785271239696794,0.28856249464897854,-13.146460877200385,-1.7077862282052811,1.3839895560193343,-0.4515411077693289
8.9416,0.29540553644877793,0.2640965212840254,-13.18041791605645,-1.7063838621138963,1.38327200322054,-0.4515159600255092
8.9614,0.3113477245936186,0.23923180714540454,-13.214145730923203,-1.7034249932703087,1.3816397462659518,-0.4514512519804469
8.9815,0.32665773708571444,0.2134903017988573,-13.24833329369675,-1.700873769828107,1.3801698789078796,-0.45141804118685586
9.0052,0.34366093748920656,0.18251955157901717,-13.28869162283825,-1.7028830861392696,1.3806596941935716,-0.45169444876432363
9.0214,0.35442053540543117,0.16088774532682676,-13.316300030537773,-1.7042226975014854,1.381112844047574,-0.4518453786864567
9.0408,0.36658056498685504,0.13462241737871236,-13.349404792162742,-1.7064310115963004,1.3814459982215574,-0.45218720956976877
9.0606,0.37808781970262556,0.10741766924395194,-13.383216068888991,-1.7076402386994307,1.3811718933875214,-0.45250681236757645
9.0803,0.3886064056477949,0.08002198289022554,-13.416786833379046,-1.7040997203074406,1.3792594486179535,-0.4524026247755652
9.1057,0.4009753867380434,0.04434575238191615,-13.459907920294674,-1.6976805872293905,1.3768543842360006,-0.4519162571961688
9.1198,0.40698719677550704,0.024284549096551193,-13.483792164339373,-1.6939180173546415,1.3759516588305565,-0.4515033410315655
9.1395,0.4147155875681461,-0.003965223337392007,-13.51721296766647,-1.696487478532821,1.3771175247195775,-0.45169663363041196
9.1595,0.4215940279578061,-0.03291911053200988,-13.551203711068394,-1.6995371700962767,1.3781038679675934,-0.4520213944931728
9.1791,0.42736203466646816,-0.06151069951141287,-13.58453328226709,-1.7004883264639754,1.3781456533293144,-0.45221366964538307
9.1993,0.4323195285713152,-0.09114967923011907,-13.618872662845398,-1.6999693355598489,1.3776935456001433,-0.45227101100994965
9.2187,0.4360983529558336,-0.11976390911548095,-13.651861551933871,-1.7004582004366573,1.377743271647219,-0.45237625954890875
9.2385,0.43898111153999997,-0.1491088462221743,-13.68559531548271,-1.703725431759508,1.3788533569835293,-0.45270184178017153
9.2583,0.4408554329823742,-0.17859133872751515,-13.719450951228598,-1.7098805932267152,1.3810684112775407,-0.4532532297749578
9.2782,0.4417166628653203,-0.208325435146822,-13.753597428974658,-1.7159034043245762,1.3832600226204257,-0.4537825686305295
9.2998,0.44153812762843697,-0.2406371333232462,-13.790719370195061,-1.7186083898335298,1.384117856988949,-0.45406367438885564
9.3178,0.4403866108248117,-0.26753821337018924,-13.821663017350874,-1.7190915086561231,1.3839856855605248,-0.45420058472431823
9.3374,0.43823327607435714,-0.2967414851739651,-13.855305331214726,-1.7164445848904326,1.3823281640652478,-0.4541767391988818
9.3574,0.43504970094545925,-0.3263956032127806,-13.889545404895971,-1.7120036840622872,1.379922638900839,-0.45402821058232684
9.3768,0.43098493345745337,-0.3550170797694971,-13.922724908971135,-1.7102837152147632,1.3789792981241495,-0.4539852603353595
9.4003,0.42490072673183715,-0.38954483462161976,-13.962980615914002,-1.713008806079437,1.3805180160699178,-0.4540921880437618
9.4176,0.4193944860331837,-0.41479326306123515,-13.992655494091887,-1.7153108773343182,1.3822021422948443,-0.4540790157686874
9.4373,0.4122770238722398,-0.4433500317551441,-14.026440181421693,-1.7149587477059192,1.3824429074136142,-0.45397029284637236
9.4562,0.4045530020186937,-0.47045591260223607,-14.058759798347406,-1.7100326415721305,1.3802315618584462,-0.45368486407619185
9.4761,0.395536491406685,-0.49865855315351626,-14.092672072552661,-1.7041343821736126,1.377374866867815,-0.45339744104662155
9.5,0.38357810895445177,-0.5321252987162238,-14.133360001038273,-1.7024237860089177,1.3766406403824283,-0.45330922808552043
9.521,0.3718478238416766,-0.5611374301253531,-14.169219017666695,-1.707572220400986,1.379393561470214,-0.45353580031181523
9.5355,0.3630085805204834,-0.5809115248233874,-14.19405551371273,-1.7128617962782864,1.382565920509962,-0.4536684363739374
9.5553,0.3502416037075832,-0.6076523910402137,-14.228052770335568,-1.7170331627696203,1.3850257788242248,-0.45379156508105284
9.5748,0.3367725958630673,-0.6335626277984867,-14.261553027224878,-1.71796189175956,1.3859361769524692,-0.45373810029268535
9.5955,0.3215660365558238,-0.6605763602845555,-14.2970999659933,-1.7172434187644388,1.3860693533715824,-0.45359429474914
9.6144,0.30682446685760184,-0.6847275124435175,-14.32952672461594,-1.715701514425355,1.3857439004144994,-0.45342282944184836
9.6349,0.28999719216624775,-0.7103863233484117,-14.364691984853794,-1.715378548187964,1.3854888450752747,-0.4534541101736549
9.6545,0.2730457999972614,-0.7343378559189754,-14.398343827536088,-1.7169307490966146,1.3856081974550918,-0.4537222850133241
9.6738,0.25556403625015595,-0.7573436003310141,-14.43150073207722,-1.7179743285561224,1.3854738788091379,-0.4539637591726666
9.6937,0.23675811347921458,-0.7804530690012312,-14.465701442237565,-1.7186286512736622,1.3854926065223676,-0.45409433804153115
9.7136,0.2171665115521502,-0.8029128997034052,-14.499913931460702,-1.7192205639767602,1.3859269761980288,-0.45410386597201907
9.7331,0.19722589042696237,-0.8242591904235714,-14.533434216873433,-1.7189889955245663,1.3863076635642526,-0.453979589383332
9.7533,0.17582237297278083,-0.8456827185868067,-14.568188663457136,-1.720517157609148,1.387359273721598,-0.45399592495916
9.7728,0.15442967183396739,-0.8656478030173669,-14.601788640936014,-1.7230757681475963,1.3885600139964696,-0.4541568966251536
9.7928,0.1317695951503859,-0.8853929682068017,-14.636344675529685,-1.7278017296835344,1.3902817481079266,-0.4545685849660487
9.8124,0.10886887449178735,-0.903975181544277,-14.670296579009262,-1.7322399734477552,1.3917044689791929,-0.45500380671705826
9.8327,0.08448960423556606,-0.9224067393812442,-14.705512935517442,-1.7347958871023454,1.3923124895543413,-0.4553131127461332
9.852,0.0607043600156901,-0.939098765583772,-14.73901301527868,-1.7357554280434724,1.3922307673908043,-0.45551505524858776
9.8718,0.035783552228857506,-0.9553779759184677,-14.773311310314295,-1.732237123010886,1.3903087299619448,-0.4553974914220391
9.8922,0.009607946223442548,-0.9712383915797737,-14.808540896641858,-1.7269405062530845,1.3876903633371467,-0.45514544421396624
9.9114,-0.015505829221448685,-0.9852750168586205,-14.84164695224873,-1.7242737295245862,1.3860707455836718,-0.4551034081349683
9.9316,-0.04237098530132305,-0.9991444281874939,-14.876436502160889,-1.7222549461465357,1.3844883298760524,-0.4551682810532404
9.9523,-0.07033277789437917,-1.0123749763642071,-14.912016791078381,-1.7188545370769457,1.3824187713534362,-0.455113272814133
9.971,-0.09596510943212574,-1.023414057884882,-14.944094111027576,-1.7153647031654562,1.380765581412824,-0.45493272969531995
10.003,-0.14050595378854452,-1.040921644193066,-14.999110649396725,-1.719266824035915,1.3836313218942622,-0.454895571381304
10.01,-0.15046138125640754,-1.0442171718548556,-15.011160774815648,-1.7214464884176677,1.386074947821077,-0.45464685160380375
10.033,-0.18342744211816905,-1.0546775051989212,-15.05093842233112,-1.7294629354552833,1.391075097550899,-0.4547860116203723
10.05,-0.20816156027581897,-1.0614441869380051,-15.080462220856502,-1.7366940309047278,1.3951551053253974,-0.45502132936093387
10.07,-0.2375207803502144,-1.068542957545331,-15.115262519828352,-1.7400149485925673,1.3967031869675752,-0.4552202280123686
10.09,-0.26709284672198896,-1.0746157033117942,-15.150035691415969,-1.7386585793808202,1.396018178012475,-0.45516571594767596
10.11,-0.29683289569519866,-1.0796597960339849,-15.184760322068387,-1.736231532620898,1.3950291693434558,-0.45499982351226675
10.129,-0.32520916683828643,-1.0834741573210367,-15.217692843815062,-1.733290618246084,1.3940030932331413,-0.45475274277766947
10.149,-0.35519806667712894,-1.0865052216719602,-15.252358760725814,-1.7332958455376122,1.394179731657149,-0.4547197226051117
10.169,-0.3852987184466834,-1.0884911903351784,-15.287068191767297,-1.7354715520740602,1.3952038800070685,-0.4548530135815484
10.189,-0.4154754196385353,-1.0894265914833767,-15.321822161046258,-1.7376984639481,1.396258560849851,-0.45498654917901504
10.208,-0.44415077087147625,-1.089322783362491,-15.354819660006076,-1.736710471569355,1.3960457115641096,-0.45487639256719886
10.228,-0.4742591148866009,-1.0882395126104394,-15.389433126933863,-1.7306733463894184,1.393785698981168,-0.4544019176382512
10.248,-0.5042729742722939,-1.0861310414451524,-15.423963344882937,-1.7265108974537784,1.3921876532184756,-0.45409212587437625
10.268,-0.5341947061709484,-1.0829878484655022,-15.458491754301267,-1.7264204709164335,1.392121131826615,-0.4541107981107698
10.288,-0.5640196848600757,-1.0787980561217552,-15.49308785904636,-1.7298052372546966,1.3933631120377878,-0.4544075911636964
10.308,-0.5937293851696928,-1.0735528691601546,-15.527792386589882,-1.7352263771760952,1.3954028346213927,-0.4548572580631024
10.327,-0.6217988251825766,-1.0675739251864709,-15.560839455540386,-1.7393194184475207,1.3970352333417329,-0.45517241518358476
10.347,-0.6511424380236853,-1.0602976370180643,-15.59566461486981,-1.7412579664712253,1.3979975219031775,-0.45527664428288095
10.366,-0.6787690292787618,-1.052418116361163,-15.62875304883743,-1.7414965246115557,1.3983986339507972,-0.455223190653561
10.386,-0.7075572687194449,-1.0431717634025741,-15.663566192574983,-1.7406571868776644,1.3983167109155825,-0.45510459215717464
10.406,-0.7360007556169051,-1.0329344192588252,-15.698362222871765,-1.7398015148390045,1.3980550089074788,-0.45503094511392267
10.426,-0.7640676354873701,-1.0217152640261449,-15.733153577760513,-1.7395677444374373,1.397893615836121,-0.4550425618562937
10.446,-0.7917209227176183,-1.0095306927927201,-15.76793305796504,-1.738974010226413,1.397570731917873,-0.4550321620452983
10.466,-0.8189213145947879,-0.996404256178092,-15.802677502724526,-1.737222237974309,1.3969106506833124,-0.4549034013938327
10.485,-0.8442882046643381,-0.9830731695554947,-15.835603975054447,-1.732972227890554,1.395471122365001,-0.4545333597097752
10.505,-0.8705028755704596,-0.9681884784615914,-15.87020913264053,-1.7302578793041021,1.394807590399834,-0.45423701594047444
10.525,-0.896185671134523,-0.9524159704690309,-15.90478423113073,-1.7287549245100458,1.3946657431659821,-0.454022073948228
10.544,-0.920063262985421,-0.9365894411355927,-15.937648080356732,-1.729676275052736,1.39534273555325,-0.4540262259768788
10.564,-0.9446712105493441,-0.9190672336833221,-15.972352913767265,-1.7352416705267142,1.397549526987921,-0.4544598140542683
10.584,-0.9686830836830955,-0.9006578632926404,-16.007164840108093,-1.740596317041395,1.3994126337101727,-0.45494276726433325
10.605,-0.9932126853233875,-0.8804475707084585,-16.043755125378464,-1.7423945366842433,1.399854096581028,-0.4551601906892825
10.624,-1.0147174941651886,-0.8613735196135719,-16.07683374771063,-1.7409801227455177,1.3994200298881403,-0.45503078391473095
10.649,-1.0421737946285432,-0.8353767689325333,-16.120287359595523,-1.7381444753957727,1.3993160595641614,-0.4545621508824541
10.665,-1.0590140520447249,-0.8180072934200057,-16.148043911450475,-1.7347844909345014,1.3993466839803268,-0.45396396477746426
10.684,-1.0784455574480076,-0.7968366337353092,-16.18097970655798,-1.7334629003950384,1.3999464952879863,-0.4535868622999833
10.703,-1.0971764598900224,-0.7750394571423624,-16.213900668199,-1.732682191632523,1.4002332711462808,-0.4533909127802155
10.723,-1.1161183199188567,-0.7514826740852477,-16.248503497386636,-1.7301414593816902,1.3992551100526667,-0.4532141332672681
10.743,-1.1342248575566751,-0.7272959354960714,-16.283091152061555,-1.7293827337459777,1.3985790654061647,-0.4532777197630281
10.762,-1.1506142345210517,-0.7037387029348423,-16.315957710208764,-1.7298188498530194,1.398235248071548,-0.45346645194212126
10.782,-1.1670404140987898,-0.6783719006207292,-16.350597168500787,-1.7319729146011238,1.3986308974387467,-0.45376818784639245
10.808,-1.1872512762267,-0.6446097158856655,-16.395766198902823,-1.7372704000783747,1.4005030764514197,-0.45424868115275197
10.822,-1.197307749582781,-0.6259336587165408,-16.42013220548368,-1.7404290414896828,1.4018850235340312,-0.45446169081309673
10.842,-1.2110303694141435,-0.5988684040771493,-16.45501871987766,-1.7443257196989481,1.4036904931365561,-0.45469848976152155
10.868,-1.2276493873020766,-0.5630480581979321,-16.500411869992156,-1.7458903890190272,1.4050965266167441,-0.4546233664397173
10.881,-1.2351477986899964,-0.5447645734542008,-16.52311773500564,-1.7466050010372882,1.4064513907076053,-0.45440323582226155
10.901,-1.2460522563007457,-0.5163566761562307,-16.5580792044708,-1.7480734732579886,1.407698021775803,-0.4543518632400288
10.921,-1.2559557064150944,-0.48758538914631444,-16.593042961718236,-1.7481878623719032,1.4076376501465775,-0.4544017696982268
10.941,-1.2648327420426437,-0.45848281083146003,-16.628046121649323,-1.7501579965542158,1.4072788091338881,-0.4548614742668765
10.961,-1.2726705040359985,-0.4291197136651323,-16.663027014930023,-1.749044664035036,1.40552794936685,-0.45513304791783377
10.981,-1.279471878104309,-0.39955863690687704,-16.69791766599116,-1.7445325530569054,1.4030190423324955,-0.4549952819431902
11.012,-1.2884404122675914,-0.3534274903194233,-16.75187208134091,-1.7404650112822269,1.402805430375559,-0.45433299733986715
11.024,-1.2909596272391464,-0.3354054204769066,-16.77272237041206,-1.7375240892625443,1.4037188953766708,-0.45357250371060887
11.04,-1.293828707712369,-0.3112653689443588,-16.80055864706058,-1.739767290532654,1.4065823632954353,-0.4532357349741887
11.06,-1.29654335737615,-0.2816736208631188,-16.83450013130294,-1.6970742121178246,1.3760753177149148,-0.45367409603327635
11.079,-1.298146752055528,-0.2540792584840299,-16.866032569548132,-1.6596020129048594,1.3476251135843176,-0.4545339963097457
11.099,-1.2989103524504615,-0.22565456325731711,-16.898442974648745,-1.6205202550306017,1.3172085856748168,-0.45567306847818306
11.118,-1.2987497680718694,-0.19918313450330957,-16.928654022350152,-1.590055142179341,1.290545180515199,-0.45744726562832655
11.138,-1.29771456346004,-0.1718536213158408,-16.959987595640523,-1.5666786645186808,1.2658268702314759,-0.46012611729829206
11.166,-1.2950979440451786,-0.1347582903190851,-17.002720781598754,-1.5261852127939353,1.228801953568172,-0.4632273021731723
11.179,-1.2931278256115175,-0.1177498428781822,-17.022500093744622,-1.5214855496821365,1.2175078986382841,-0.4658294592834697
11.204,-1.288805613005398,-0.08599603637620681,-17.059536787289662,-1.4814677418016173,1.1848542070527521,-0.4679389398976485
11.218,-1.2857464847688225,-0.06853585191054502,-17.080078879535037,-1.4672923032411491,1.16978812318388,-0.4699009056732725
11.237,-1.2812144109565708,-0.04544253232385527,-17.107338083267987,-1.434694933313061,1.1444473902502417,-0.4713351465689103
11.261,-1.2749311522557127,-0.017324279494542932,-17.14061388035354,-1.3864915452314273,1.1097630421918991,-0.47255452879805504
11.276,-1.2705019567439955,-0.00020191248352743885,-17.161040482370904,-1.3617734678241449,1.0899541983230738,-0.47392581340796625
11.301,-1.262897177732547,0.027196009500556746,-17.19365696382791,-1.3046592582801406,1.052605686902888,-0.4741421450180199
11.322,-1.256036531067397,0.04931429836293082,-17.220052696628294,-1.256939657161238,1.021670820519383,-0.47422173376116905
11.336,-1.2511885999903543,0.0636578946115088,-17.23725791682281,-1.228944299608119,1.0024601574612289,-0.4746718160397541
11.356,-1.2441819469282396,0.08343560849120804,-17.26094414499552,-1.1843114086354847,0.9734989736142974,-0.47475465317733095
11.376,-1.2369981939987873,0.10245113652600549,-17.283722355767992,-1.1389105386237086,0.9442267711809065,-0.4747472108538999
11.395,-1.230046762529965,0.11981938722238944,-17.304513245355533,-1.0942573467126633,0.9159228930037698,-0.4745171471207624
11.416,-1.2223376970502542,0.13819450765223595,-17.326419165943697,-1.043139075626905,0.8841686545526047,-0.47395713955330704
11.435,-1.2153147577403662,0.15413332684590153,-17.34536409326747,-0.9971014380932884,0.8555423265538787,-0.47341639383666456
11.455,-1.207965214020509,0.17018999186727712,-17.364336207988337,-0.9486057360433332,0.8255107026164669,-0.4727528606858308
11.476,-1.200331510163102,0.18627778615940827,-17.38320571001759,-0.8985477156787597,0.7943519699756662,-0.47208987666194246
11.494,-1.1938256264917717,0.19949639048882367,-17.398627595489376,-0.8567714150991227,0.7680471396555012,-0.4716209068666551
11.514,-1.1867419098517165,0.21353240821957709,-17.41484335472595,-0.81078796182873,0.7391190158544342,-0.4710601303804629
11.534,-1.1798010828486407,0.22692921672548122,-17.430164953395057,-0.7660799334553022,0.7107287371887225,-0.47059676055791655
11.553,-1.1733434579494233,0.23909653130241043,-17.44394019214678,-0.7250125658802156,0.6843215465424425,-0.47028849495476105
11.573,-1.1667361383529582,0.25131608638244657,-17.457592881445088,-0.6826344649153232,0.656983771955485,-0.4699856588983024
11.593,-1.160328679004349,0.2629638630004852,-17.470413437279685,-0.6410277917298409,0.6300892874869272,-0.46968480252281475
11.614,-1.1538513748983483,0.27458900124347707,-17.48296437706236,-0.597663799174895,0.6021953728190174,-0.4692734742747083
11.633,-1.1481928375495132,0.28461882444753295,-17.493585316817832,-0.5589968292354882,0.5773113458344129,-0.4688702107908695
11.653,-1.1424906027890596,0.29466712219481384,-17.50397021420316,-0.5192448692664547,0.5516454687540702,-0.468468692944335
11.673,-1.1370443728573534,0.3042242229752449,-17.513584038217743,-0.48069120072911947,0.526598145533511,-0.4681302749736751
11.695,-1.131384304848817,0.31417228941125963,-17.523245121155213,-0.43914013352136244,0.49963566087314704,-0.4677257287774765
11.716,-1.126278500344523,0.3231676967339491,-17.531653858471447,-0.40041606267786634,0.4744665915247647,-0.46733375093748786
11.732,-1.1225527075880763,0.32973540584365985,-17.537601755957073,-0.3717435928515977,0.45568910432407517,-0.46707885706319535
11.752,-1.1181933754899673,0.3375296958785561,-17.544322142965587,-0.3360193504256568,0.43252298748033563,-0.46661717715350143
11.773,-1.1139373402998256,0.3452675490302323,-17.55060931384575,-0.29938908953154836,0.4087432539575458,-0.4661274107245112
11.792,-1.110342393299504,0.3519151957965656,-17.55569090551632,-0.2674521931879163,0.3878321150408358,-0.4657667396887828
11.811,-1.1070050750173146,0.358225945548914,-17.560187487501302,-0.2366622097358502,0.3675128268737847,-0.4654833491784117
11.831,-1.1037769485073123,0.36451078636508305,-17.564293052199755,-0.2052782349225885,0.34670671211780757,-0.4652254518687197
11.851,-1.1008320444873338,0.370449383084937,-17.56778471993458,-0.1745833867411663,0.32638206145291604,-0.4649315248742168
11.871,-1.0981692011968218,0.3760537921478697,-17.570677019612862,-0.14461498391408997,0.30654542480444513,-0.4646131884612413
11.89,-1.0958906899429763,0.3810866358190513,-17.572899063247437,-0.1169496649775383,0.2881923106726814,-0.4643152476438888
11.91,-1.0937684188423296,0.3860734412629641,-17.57467182870317,-0.08863827278666261,0.26939565909505475,-0.4640005871881376
11.93,-1.0919158663399884,0.39076060137009433,-17.575898961910877,-0.061356660385269636,0.251183369782173,-0.46373122533064176
11.95,-1.0903271817580746,0.3951587343234629,-17.576599606451644,-0.03503222703835345,0.2335271292890279,-0.46349362760126267
11.969,-1.0890509612281307,0.39908456370975104,-17.576805462392905,-0.010834523224223687,0.21723683283925718,-0.46328047894394025
11.989,-1.0879610406868052,0.40294578187418173,-17.57652687609014,0.013929315138248485,0.20055217829366787,-0.463046805922368
12.009,-1.087119006819122,0.4065439325034589,-17.575767731728362,0.03795721808888496,0.1843425737789316,-0.46280706091962875
12.029,-1.0865190981861843,0.40988682017204564,-17.57454214350375,0.06127941123060772,0.16860467785885372,-0.4625567690548016
12.048,-1.0861616821493778,0.41283902630477004,-17.57297146165416,0.08266746576787301,0.15411511966013408,-0.4623324362952724
12.068,-1.0860138126140058,0.41570580397071266,-17.57088239829275,0.10445316807054607,0.13932375526608132,-0.4621015342897905
12.088,-1.0860871120690314,0.4183385953052051,-17.568373614315075,0.12543919888369043,0.12500715662850725,-0.46188698367109277
12.108,-1.0863743682939782,0.42074368386900435,-17.56545979231695,0.14569109990621837,0.11114456819825727,-0.4616780960866317
12.128,-1.0868686701616006,0.42292695658425633,-17.562154128063973,0.16528321264879642,0.097718672862005,-0.46146443944898136
12.148,-1.0875631295423243,0.42489401077256406,-17.558469151594853,0.18424882345610588,0.08472048625334803,-0.46124464581352
12.168,-1.0884503264361276,0.4266502439366239,-17.55441836028997,0.20253956524425573,0.07215220547738461,-0.4610294566890105
12.187,-1.0894600671388657,0.42813281312865903,-17.550253775010496,0.21918869891960932,0.060619173885845666,-0.4608414882872765
12.207,-1.0906997434367836,0.4294925691404021,-17.545532648666228,0.23605631721335193,0.04887522104713745,-0.4606495685132172
12.227,-1.0921087708173103,0.4306558357603163,-17.540487689054096,0.2522479806066448,0.0375335054337759,-0.4604628274772484
12.248,-1.0937666569523232,0.4316658745338927,-17.534846340365476,0.26863565183907934,0.026031563599879393,-0.4602642137405867
12.266,-1.0953125002196973,0.4323783007000968,-17.529770972515703,0.2819648805428673,0.0165353166165554,-0.46010417086892724
12.286,-1.0971766166122818,0.4329866893208005,-17.523844830704125,0.29630709057892285,0.006315325226975198,-0.45991968696249047
12.306,-1.0991799913764164,0.4334147348111691,-17.517644443833554,0.31001934352856625,-0.0035421411291361197,-0.459735052960254
12.326,-1.1013149765311363,0.43366607930050965,-17.511182209577406,0.32311171280730117,-0.013048587598211014,-0.4595482122660826
12.346,-1.1035740950522803,0.433744189918551,-17.504470019149604,0.3356095213900591,-0.022217263001861966,-0.45935709422227705
12.365,-1.1058253420213489,0.43366426327530816,-17.49787929409377,0.3468802660964323,-0.03061714502152094,-0.4591699017330565
12.388,-1.1086978306140864,0.43335085945599777,-17.489594374951384,0.3602138757559358,-0.040448010017236274,-0.4589408633244827
12.405,-1.1108931138344125,0.43299646382628476,-17.483317859221522,0.3692068076389977,-0.04740992760786768,-0.45875407738710466
12.425,-1.1135725914097472,0.43242173629590536,-17.47572589809147,0.3795980565026968,-0.05535198391188488,-0.4585403992231925
12.445,-1.1163415959999834,0.4316893371242559,-17.46793626075538,0.3894818668044986,-0.06300594810450463,-0.4583192090537096
12.464,-1.1190461699633785,0.4308527531391817,-17.46036811160291,0.3983236396036983,-0.07001341071618594,-0.4580961540104089
12.484,-1.1219701515981493,0.42982117212915477,-17.452222807643672,0.4072651979618861,-0.07713609413728482,-0.45786157396248806
12.504,-1.124964554633727,0.4286402696359394,-17.4439077003005,0.4157553671585899,-0.08399992345223782,-0.45762022443278877
12.525,-1.1281806514071449,0.42724015579975183,-17.434997457686627,0.42429726732721346,-0.09094215003885478,-0.4573685802288497
12.544,-1.1311411848198136,0.42584113015676367,-17.42680006049136,0.43144195764562004,-0.09698173387170976,-0.45711611157216997
12.563,-1.1341485404191327,0.4243146608888062,-17.41847387493683,0.4382202923436342,-0.10280835060194174,-0.4568619722529069
12.583,-1.1373620334879204,0.422570719296146,-17.409572243788787,0.44508155740208954,-0.10872299802213711,-0.4566054415543431
12.603,-1.1406172271743993,0.420690930426024,-17.40054080051511,0.4515721636838005,-0.11441677388030992,-0.45634627735256267
12.623,-1.1439088228348016,0.4186779438530921,-17.391386714809954,0.45770428525770956,-0.11989712250261078,-0.4560849898743519
12.643,-1.1472316746101305,0.41653440233779676,-17.382116913953464,0.46349004282453077,-0.1251706566413216,-0.45582223084693757
12.663,-1.1505808180819483,0.4142629527759735,-17.37273800049713,0.4689456728167698,-0.13024351057603345,-0.4555595256076623
12.682,-1.1537802908200148,0.41199042632006494,-17.36373709142586,0.47373205638256866,-0.13488091436071373,-0.45529531824038666
12.702,-1.1571664488493756,0.4094771465716528,-17.354165243784603,0.47859238206284405,-0.13958059184635005,-0.455041501163728
12.722,-1.1605652881848438,0.4068437335362376,-17.344502024818222,0.48316094831909384,-0.1440989324416575,-0.45478916384359397
12.741,-1.1637998402324758,0.40423424426352583,-17.33524662210862,0.4871264584000336,-0.14822875132657484,-0.4545315115485098
12.761,-1.1672103222706887,0.4013739933323241,-17.325423601929206,0.49115100897066927,-0.15241172407336992,-0.4542866602541807
12.781,-1.1706211153455557,0.3984012412013914,-17.315525328126373,0.4949136901415158,-0.15643098030802574,-0.4540435860844796
12.802,-1.1742007985056448,0.3951605236350026,-17.30505245243913,0.4987083660591052,-0.16048131294632698,-0.4538116588346173
12.822,-1.177600912493934,0.3919651589626428,-17.295013284682067,0.5019583878532339,-0.16418243241996314,-0.4535668249671877
12.84,-1.1806477387529564,0.38900128754122965,-17.285933175406246,0.5044505153233216,-0.16738888430568333,-0.45330333383463034
