0,-0.6796,2.1479,0.10794,-0.0061198,0.0029696,-0.59751
0.019723,-0.67956,2.148,0.10784,-0.0039455,0.0012755,-0.79599
0.039404,-0.67952,2.1479,0.10773,-0.0016547,-0.00037936,0.96391
0.058903,-0.67951,2.1478,0.10771,0.0011054,-0.001187,-0.29834
0.079513,-0.67955,2.1477,0.10782,0.0032628,-0.00082496,-0.91731
0.099612,-0.67958,2.1477,0.10795,0.0050431,8.6909e-06,1.5656
0.12308,-0.67958,2.1479,0.10795,0.0085771,0.00033547,1.4529
0.14071,-0.67957,2.1479,0.10813,0.011117,3.3735e-05,1.5616
0.15791,-0.67956,2.1479,0.10853,0.0084966,-0.00024385,-1.4841
0.17879,-0.67955,2.1477,0.10879,-0.0012159,1.0182e-05,-1.5454
0.19948,-0.67955,2.1477,0.10852,-0.010241,0.00050197,-1.4234
0.22541,-0.67955,2.1478,0.10793,-0.012432,0.00080092,-1.3781
0.24014,-0.67954,2.1479,0.10768,-0.010135,0.00070942,-1.3619
0.25708,-0.67954,2.1479,0.10767,-0.0053664,0.00014239,-1.4906
0.2771,-0.67954,2.1479,0.10763,-0.0014121,-0.0006344,0.63381
0.29694,-0.67954,2.1479,0.10761,0.0015772,-0.0011597,-0.42207
0.32158,-0.67957,2.1478,0.10767,0.0055088,-0.0010832,-1.0337
0.33753,-0.67959,2.1478,0.1078,0.0076469,-0.00059599,-1.339
0.35621,-0.67961,2.1478,0.10803,0.0072943,0.00036906,1.4188
0.37599,-0.67961,2.1478,0.1082,0.0039851,0.0011933,0.83423
0.39683,-0.67958,2.1478,0.10822,-0.00019061,0.0014941,-0.0421
0.42243,-0.67951,2.1478,0.1081,-0.0029275,0.00092868,-0.80544
0.43635,-0.67948,2.1478,0.108,-0.0030418,0.00037014,-1.2177
0.45526,-0.67947,2.1477,0.10795,-0.0010933,-0.00044677,0.67963
0.47455,-0.6795,2.1478,0.10799,5.2603e-06,-0.00075246,-0.0023084
0.4947,-0.67954,2.1478,0.10805,-0.00068082,0.00016478,-0.93826
0.51614,-0.67956,2.1478,0.10797,-0.0023449,0.0036815,-0.2073
0.53436,-0.67954,2.1478,0.10791,-0.0038398,0.010412,-0.12118
0.55522,-0.67938,2.1478,0.10786,-0.0065544,0.023109,-0.093382
0.57474,-0.67898,2.1478,0.10773,-0.011706,0.037543,-0.10259
0.59506,-0.67819,2.1479,0.10745,-0.020962,0.050938,-0.13506
0.61399,-0.67715,2.1479,0.10702,-0.034194,0.058373,-0.19107
0.63338,-0.67592,2.1479,0.10628,-0.05332,0.060413,-0.28358
0.65419,-0.6746,2.1478,0.105,-0.079819,0.059121,-0.41936
0.6738,-0.6734,2.1475,0.10321,-0.10881,0.057027,-0.5622
0.69295,-0.67227,2.1472,0.10081,-0.13715,0.055425,-0.68509
0.71301,-0.67114,2.1469,0.097677,-0.16108,0.054951,-0.7691
0.73283,-0.67005,2.1467,0.094133,-0.17255,0.056173,-0.7925
0.75417,-0.66885,2.1464,0.090118,-0.16269,0.059844,-0.73154
0.77279,-0.66772,2.146,0.086908,-0.1335,0.064814,-0.59726
0.79188,-0.66648,2.1457,0.084416,-0.099437,0.070954,-0.43341
0.82367,-0.66413,2.1453,0.082731,-0.063599,0.081865,-0.25111
0.83262,-0.66344,2.1452,0.082391,-0.05603,0.084833,-0.21473
0.85155,-0.66165,2.1452,0.081413,-0.063708,0.084798,-0.24316
0.87352,-0.65966,2.1451,0.079833,-0.074959,0.082624,-0.29106
0.89054,-0.65829,2.1449,0.078368,-0.080796,0.082252,-0.31365
0.91131,-0.65665,2.1447,0.07658,-0.085037,0.085715,-0.31657
0.94092,-0.65408,2.1443,0.074088,-0.088369,0.097878,-0.28973
0.951,-0.65315,2.1442,0.073216,-0.089441,0.10232,-0.28101
0.96999,-0.651,2.144,0.071392,-0.090466,0.1057,-0.27543
0.98944,-0.64883,2.1437,0.069626,-0.090791,0.10638,-0.27469
1.0095,-0.6467,2.1434,0.067878,-0.091283,0.10585,-0.27742
1.0293,-0.6446,2.1431,0.066051,-0.092472,0.10689,-0.27826
1.0486,-0.64249,2.1427,0.064201,-0.093411,0.10943,-0.27473
1.0685,-0.64029,2.1423,0.062353,-0.094561,0.11291,-0.2698
1.0892,-0.63794,2.1419,0.060454,-0.097725,0.11665,-0.26987
1.1086,-0.63565,2.1417,0.058533,-0.10265,0.11961,-0.27615
1.1281,-0.63328,2.1414,0.056445,-0.10805,0.12221,-0.28405
1.1481,-0.6308,2.141,0.054206,-0.11309,0.12545,-0.2893
1.1673,-0.62837,2.1406,0.052039,-0.11784,0.1296,-0.29167
1.1878,-0.62568,2.1402,0.049559,-0.12269,0.13468,-0.2922
1.2079,-0.62293,2.1398,0.046988,-0.1262,0.13923,-0.29081
1.2271,-0.62023,2.1394,0.044531,-0.12853,0.14254,-0.28939
1.2467,-0.6174,2.1389,0.042053,-0.13141,0.1452,-0.29039
1.2671,-0.6144,2.1384,0.039334,-0.13579,0.14823,-0.29374
1.2863,-0.61154,2.138,0.036674,-0.14032,0.15196,-0.29594
1.3063,-0.60847,2.1374,0.033806,-0.14372,0.15661,-0.29421
1.3258,-0.60539,2.1369,0.030923,-0.14444,0.16102,-0.28796
1.3456,-0.60216,2.1364,0.028018,-0.14347,0.16473,-0.28003
1.3655,-0.59886,2.1359,0.025276,-0.1437,0.16793,-0.27536
1.3853,-0.59553,2.1353,0.022483,-0.14668,0.17147,-0.2753
1.4064,-0.59188,2.1345,0.019281,-0.15212,0.17616,-0.27778
1.4248,-0.58862,2.1338,0.016453,-0.15823,0.18057,-0.28164
1.4445,-0.58502,2.133,0.013362,-0.16668,0.18535,-0.28866
1.4644,-0.58132,2.1324,0.0099086,-0.17607,0.19027,-0.29655
1.4845,-0.57749,2.1318,0.0062141,-0.184,0.19525,-0.30168
1.5041,-0.57364,2.1311,0.0025192,-0.18936,0.19947,-0.30378
1.5243,-0.56958,2.1302,-0.0013185,-0.193,0.20276,-0.30453
1.5434,-0.56568,2.1293,-0.0050745,-0.19422,0.20487,-0.30338
1.5651,-0.56121,2.1283,-0.0093713,-0.19164,0.20372,-0.30117
1.5837,-0.55734,2.1275,-0.012919,-0.18605,0.19657,-0.3029
1.6032,-0.55333,2.1267,-0.016498,-0.18087,0.18835,-0.30706
1.6385,-0.54684,2.1252,-0.022706,-0.20531,0.2167,-0.3032
1.6424,-0.54611,2.125,-0.023412,-0.2082,0.21999,-0.30289
1.6622,-0.54102,2.1237,-0.028363,-0.21363,0.21885,-0.31182
1.6823,-0.53635,2.1225,-0.032827,-0.20982,0.21264,-0.31497
1.702,-0.53231,2.1214,-0.036634,-0.20254,0.20702,-0.31247
1.7337,-0.52599,2.12,-0.042802,-0.21098,0.21823,-0.30901
1.7417,-0.52435,2.1197,-0.044425,-0.2143,0.22218,-0.30833
1.7615,-0.51961,2.1186,-0.049245,-0.21551,0.23368,-0.29561
1.7821,-0.51498,2.1174,-0.053766,-0.22063,0.24808,-0.28563
1.8017,-0.51105,2.1163,-0.057489,-0.23119,0.26336,-0.28213
1.8392,-0.50512,2.1146,-0.063536,-0.26449,0.29562,-0.28725
1.8447,-0.5035,2.1142,-0.065191,-0.26954,0.29142,-0.29641
1.8604,-0.49888,2.113,-0.069899,-0.26995,0.27122,-0.31754
1.8801,-0.49363,2.1115,-0.075277,-0.25771,0.2471,-0.33166
1.8998,-0.48905,2.1101,-0.079977,-0.23735,0.23145,-0.32649
1.9209,-0.48444,2.1085,-0.084627,-0.22389,0.22572,-0.31652
1.9415,-0.47991,2.1069,-0.089035,-0.22055,0.22415,-0.31414
1.9592,-0.47597,2.1057,-0.092953,-0.22227,0.2235,-0.31728
1.9812,-0.47122,2.1043,-0.097926,-0.2257,0.22515,-0.31966
2.0011,-0.46698,2.103,-0.1024,-0.23103,0.23159,-0.3182
2.0319,-0.46005,2.1007,-0.1095,-0.24655,0.25116,-0.31345
2.0415,-0.45779,2.0999,-0.1118,-0.25212,0.25776,-0.31239
2.0591,-0.45303,2.0985,-0.11673,-0.25608,0.25833,-0.31633
2.0825,-0.44695,2.0966,-0.12281,-0.2532,0.25086,-0.3217
2.0979,-0.4432,2.0955,-0.12653,-0.2511,0.24705,-0.32381
2.1311,-0.43544,2.0928,-0.13478,-0.2613,0.25752,-0.3233
2.1385,-0.4337,2.0923,-0.13665,-0.26422,0.26052,-0.32315
2.1571,-0.42866,2.0903,-0.14195,-0.26875,0.26252,-0.32597
2.1824,-0.42217,2.0879,-0.14882,-0.27046,0.26429,-0.32586
2.1983,-0.41825,2.0865,-0.15301,-0.27219,0.2702,-0.32112
2.2271,-0.41089,2.084,-0.16078,-0.28092,0.28879,-0.31079
2.244,-0.40619,2.0823,-0.16563,-0.28594,0.29648,-0.3083
2.2563,-0.40251,2.0808,-0.16937,-0.28622,0.29564,-0.30941
2.2762,-0.39681,2.0784,-0.1752,-0.27864,0.28819,-0.30903
2.2969,-0.39124,2.076,-0.18082,-0.26981,0.28318,-0.30481
2.3203,-0.38521,2.0734,-0.18675,-0.26619,0.28544,-0.29871
2.3366,-0.3808,2.0716,-0.19108,-0.26673,0.28697,-0.29779
2.3552,-0.37559,2.0694,-0.19626,-0.26504,0.28218,-0.30074
2.3746,-0.37035,2.0671,-0.20147,-0.26013,0.27604,-0.30168
2.3959,-0.36504,2.0646,-0.2067,-0.25858,0.27665,-0.29935
2.4198,-0.35912,2.0619,-0.21259,-0.26874,0.28811,-0.29879
2.4475,-0.35174,2.0586,-0.22011,-0.29469,0.31022,-0.30395
2.4542,-0.34989,2.0579,-0.222,-0.30226,0.3162,-0.30574
2.475,-0.3433,2.0548,-0.22908,-0.31353,0.3194,-0.31345
2.4932,-0.33776,2.0521,-0.23494,-0.31392,0.31687,-0.31615
2.5132,-0.332,2.0491,-0.24099,-0.307,0.31214,-0.31402
2.5333,-0.32629,2.0462,-0.24709,-0.30248,0.31124,-0.31052
2.553,-0.32067,2.0435,-0.25302,-0.30291,0.31372,-0.30864
2.5726,-0.31503,2.0408,-0.25886,-0.30711,0.31755,-0.30911
2.5923,-0.3093,2.038,-0.26495,-0.3111,0.32167,-0.30912
2.6129,-0.30319,2.035,-0.27165,-0.30901,0.32504,-0.30418
2.6323,-0.29742,2.032,-0.27768,-0.30136,0.3265,-0.29583
2.6518,-0.29163,2.0289,-0.28324,-0.29531,0.32638,-0.29033
2.6717,-0.28573,2.0258,-0.28895,-0.29594,0.32617,-0.29109
2.6917,-0.27982,2.0228,-0.29503,-0.30102,0.32794,-0.29429
2.7112,-0.27413,2.0197,-0.30096,-0.30758,0.33251,-0.29644
2.732,-0.268,2.0161,-0.30727,-0.31625,0.33878,-0.299
2.751,-0.26229,2.0127,-0.31342,-0.32315,0.34283,-0.30175
2.7707,-0.25624,2.0091,-0.32007,-0.32554,0.34405,-0.30282
2.7905,-0.25019,2.0056,-0.32648,-0.32571,0.34425,-0.30281
2.8103,-0.24424,2.0021,-0.33266,-0.3299,0.34569,-0.30526
2.8302,-0.23818,1.9986,-0.33932,-0.33689,0.34805,-0.30935
2.8502,-0.23199,1.995,-0.34639,-0.3392,0.34969,-0.30997
2.8695,-0.22609,1.9913,-0.35299,-0.33557,0.35129,-0.30555
2.8905,-0.21981,1.987,-0.35978,-0.3317,0.35515,-0.29914
2.9103,-0.2138,1.9831,-0.36628,-0.33209,0.36045,-0.29533
2.9305,-0.20748,1.9791,-0.37311,-0.33386,0.36428,-0.29386
2.9491,-0.20162,1.9753,-0.37936,-0.3335,0.36446,-0.29343
2.9684,-0.19559,1.9714,-0.38575,-0.33133,0.3624,-0.29319
2.9881,-0.1895,1.9673,-0.39226,-0.32917,0.36042,-0.2929
3.0091,-0.18307,1.963,-0.39914,-0.3287,0.35957,-0.29316
3.0282,-0.17729,1.959,-0.40535,-0.33184,0.35955,-0.29581
3.048,-0.17132,1.9549,-0.41186,-0.33865,0.35889,-0.30204
3.0674,-0.16538,1.9509,-0.41862,-0.34266,0.35619,-0.30758
3.0876,-0.15929,1.9467,-0.4258,-0.3374,0.35176,-0.30672
3.1076,-0.15346,1.9426,-0.43265,-0.33053,0.35142,-0.30113
3.1408,-0.14405,1.9354,-0.44304,-0.33367,0.37434,-0.28624
3.1471,-0.14227,1.934,-0.44496,-0.33485,0.37951,-0.2835
3.1666,-0.13556,1.929,-0.45221,-0.3353,0.37907,-0.28417
3.1882,-0.12877,1.9238,-0.45942,-0.33308,0.37732,-0.28363
3.21,-0.12243,1.9187,-0.46622,-0.33675,0.3814,-0.28368
3.2383,-0.11403,1.9118,-0.47565,-0.35707,0.39703,-0.28868
3.246,-0.11163,1.9098,-0.47837,-0.36456,0.40231,-0.29074
3.2658,-0.10497,1.9041,-0.48637,-0.37222,0.39613,-0.30085
3.2851,-0.098853,1.899,-0.49363,-0.375,0.3909,-0.30677
3.3084,-0.091932,1.8935,-0.50196,-0.37645,0.39193,-0.30713
3.3293,-0.085538,1.8883,-0.50998,-0.37958,0.39868,-0.3046
3.3444,-0.080761,1.8842,-0.51596,-0.38051,0.40229,-0.30273
3.3641,-0.07459,1.8787,-0.52338,-0.37686,0.39969,-0.30183
3.3845,-0.068319,1.8731,-0.53093,-0.3735,0.39603,-0.30189
3.4041,-0.062399,1.8681,-0.53821,-0.37454,0.39772,-0.30147
3.4263,-0.055672,1.8623,-0.54647,-0.38102,0.40625,-0.30033
3.4448,-0.049935,1.8572,-0.55356,-0.38784,0.41364,-0.30024
3.4632,-0.044148,1.8519,-0.56091,-0.39032,0.41634,-0.30021
3.4829,-0.038021,1.8459,-0.5688,-0.3854,0.41411,-0.29814
3.5028,-0.032148,1.8398,-0.57625,-0.37941,0.41141,-0.2956
3.5235,-0.026155,1.8335,-0.58381,-0.38154,0.41163,-0.29701
3.5423,-0.020644,1.8279,-0.59096,-0.39097,0.4136,-0.30255
3.562,-0.014681,1.822,-0.59897,-0.40065,0.41562,-0.30817
3.5817,-0.0087716,1.8161,-0.60705,-0.40317,0.41794,-0.30837
3.6016,-0.0028792,1.81,-0.61508,-0.39845,0.4216,-0.3025
3.6227,0.0034068,1.8034,-0.62343,-0.38811,0.42554,-0.29252
3.642,0.0091957,1.7973,-0.6309,-0.37562,0.42695,-0.28272
3.6611,0.014837,1.791,-0.63793,-0.36432,0.42706,-0.27458
3.681,0.020535,1.7846,-0.64487,-0.36097,0.42898,-0.27102
3.7008,0.026177,1.778,-0.65181,-0.36982,0.43325,-0.27473
3.721,0.032003,1.7711,-0.65945,-0.38646,0.43562,-0.28496
3.7405,0.037577,1.7642,-0.66727,-0.39976,0.43147,-0.29688
3.76,0.043184,1.7573,-0.67537,-0.4031,0.42236,-0.30529
3.7797,0.048726,1.751,-0.68338,-0.39715,0.4165,-0.30503
3.8005,0.054402,1.7446,-0.69155,-0.3945,0.42352,-0.29839
3.8328,0.062985,1.7341,-0.7038,-0.41398,0.4691,-0.28355
3.8432,0.065988,1.7305,-0.70797,-0.42303,0.48273,-0.28168
3.8596,0.071494,1.7235,-0.71562,-0.43199,0.47828,-0.28985
3.8792,0.077775,1.7155,-0.72464,-0.42815,0.45997,-0.29819
3.8988,0.083211,1.7084,-0.73263,-0.41953,0.44556,-0.30144
3.9222,0.089229,1.7003,-0.74178,-0.42154,0.44612,-0.30244
3.9439,0.094931,1.6923,-0.75101,-0.43277,0.45277,-0.30572
3.9593,0.099225,1.6863,-0.75828,-0.43506,0.45102,-0.30836
3.978,0.10427,1.6788,-0.76675,-0.41475,0.43662,-0.30394
3.9977,0.10916,1.6717,-0.77462,-0.40031,0.43695,-0.29376
4.0315,0.11701,1.6603,-0.78661,-0.41181,0.4805,-0.27579
4.0448,0.12062,1.6552,-0.79213,-0.42823,0.4984,-0.27644
4.0621,0.12597,1.6472,-0.80051,-0.45525,0.50814,-0.28763
4.0774,0.1305,1.6402,-0.80782,-0.46024,0.49753,-0.29645
4.0971,0.13575,1.6319,-0.81674,-0.45506,0.48391,-0.30107
4.1202,0.14156,1.6226,-0.82705,-0.44949,0.47957,-0.30014
4.1429,0.1471,1.6131,-0.83709,-0.45047,0.48523,-0.29746
4.1563,0.15045,1.6072,-0.84314,-0.45289,0.48783,-0.29746
4.1759,0.15533,1.5985,-0.85217,-0.45307,0.4838,-0.2999
4.1958,0.16023,1.59,-0.86138,-0.44853,0.48077,-0.29883
4.2172,0.16524,1.5809,-0.87077,-0.44308,0.48381,-0.29366
4.2375,0.16998,1.5721,-0.87954,-0.44424,0.49037,-0.29067
4.2547,0.17402,1.5644,-0.88709,-0.44975,0.49443,-0.29179
4.2747,0.17885,1.5555,-0.89643,-0.4541,0.49502,-0.29412
4.2944,0.18347,1.5466,-0.90545,-0.45296,0.494,-0.294
4.3143,0.18802,1.5377,-0.91431,-0.451,0.49373,-0.29295
4.3351,0.19267,1.5282,-0.92357,-0.45144,0.4934,-0.2934
4.3539,0.19687,1.5197,-0.9323,-0.45039,0.49097,-0.29412
4.3734,0.20104,1.5107,-0.94112,-0.44693,0.4879,-0.29372
4.3932,0.20521,1.5019,-0.9497,-0.44787,0.48978,-0.29324
4.4137,0.20953,1.4929,-0.95866,-0.45683,0.49916,-0.29348
4.4342,0.21398,1.4835,-0.96839,-0.46631,0.51078,-0.29279
4.4528,0.21797,1.4745,-0.97736,-0.4677,0.51597,-0.29082
4.4726,0.22205,1.4647,-0.98655,-0.46244,0.51326,-0.28917
4.4924,0.22595,1.4551,-0.99548,-0.45639,0.50785,-0.28847
4.5121,0.2297,1.4456,-1.0046,-0.45249,0.50676,-0.28672
4.5328,0.23334,1.4357,-1.0138,-0.45458,0.51173,-0.28532
4.5524,0.23676,1.426,-1.0224,-0.46644,0.51728,-0.28939
4.5717,0.24024,1.4162,-1.0316,-0.48294,0.51912,-0.29804
4.5914,0.2439,1.4064,-1.0417,-0.49317,0.51875,-0.30418
4.6121,0.24766,1.3962,-1.0521,-0.49716,0.52113,-0.30517
4.6347,0.25168,1.3851,-1.0629,-0.50396,0.52895,-0.3048
4.6517,0.25473,1.3765,-1.0714,-0.51242,0.53534,-0.30612
4.6709,0.25809,1.3665,-1.0818,-0.51787,0.5388,-0.30732
4.6907,0.26115,1.3559,-1.0921,-0.51674,0.53822,-0.307
4.7103,0.2639,1.3454,-1.1019,-0.51835,0.53659,-0.30877
4.7302,0.26658,1.3348,-1.1121,-0.52808,0.53539,-0.31486
4.7508,0.26941,1.3239,-1.1234,-0.53798,0.53223,-0.32214
4.7696,0.27197,1.3138,-1.1338,-0.53903,0.52674,-0.32586
4.7894,0.27455,1.3035,-1.1443,-0.53468,0.52412,-0.32491
4.8099,0.27714,1.2931,-1.155,-0.53353,0.53175,-0.31992
4.8374,0.28056,1.2789,-1.1697,-0.53822,0.55484,-0.30999
4.8522,0.28243,1.2707,-1.1778,-0.53933,0.56411,-0.30579
4.8688,0.28445,1.2608,-1.1871,-0.53062,0.55497,-0.30581
4.8891,0.2866,1.2493,-1.1977,-0.51681,0.5386,-0.30683
4.9088,0.28844,1.239,-1.2074,-0.51289,0.53743,-0.30528
4.9378,0.29083,1.2239,-1.2219,-0.5259,0.55958,-0.30091
4.9586,0.2926,1.2122,-1.233,-0.54059,0.57867,-0.29921
4.9696,0.2936,1.2056,-1.2393,-0.54635,0.58413,-0.29955
4.9885,0.29522,1.1941,-1.2501,-0.54575,0.5858,-0.29844
5.0163,0.29703,1.1778,-1.2647,-0.53663,0.58757,-0.2929
5.027,0.2977,1.1715,-1.2703,-0.534,0.58763,-0.29152
5.0484,0.29875,1.1582,-1.2819,-0.53153,0.57122,-0.2981
5.0665,0.29958,1.1473,-1.2918,-0.52045,0.54861,-0.30357
5.0864,0.30028,1.1364,-1.3019,-0.52018,0.54097,-0.30744
5.1085,0.30099,1.1245,-1.3127,-0.53783,0.55191,-0.31131
5.139,0.30185,1.1073,-1.3278,-0.59136,0.59677,-0.31623
5.1473,0.30218,1.1024,-1.3322,-0.60588,0.60894,-0.31744
5.1652,0.30267,1.0899,-1.3441,-0.61689,0.61524,-0.31973
5.1849,0.30304,1.0768,-1.3564,-0.60825,0.60275,-0.32164
5.2052,0.30322,1.0647,-1.3681,-0.58374,0.58298,-0.31931
5.2261,0.3033,1.0527,-1.3801,-0.56603,0.58171,-0.31088
5.2477,0.30302,1.04,-1.3921,-0.55681,0.59173,-0.30126
5.2643,0.30265,1.0297,-1.4012,-0.55565,0.59581,-0.29873
5.2841,0.30216,1.0175,-1.412,-0.56061,0.59482,-0.30171
5.3043,0.30172,1.0053,-1.4237,-0.56687,0.59447,-0.30504
5.3247,0.30103,0.99297,-1.4352,-0.57339,0.59514,-0.30801
5.3433,0.3003,0.98157,-1.4458,-0.58193,0.5941,-0.31282
5.3631,0.29927,0.96957,-1.4574,-0.59172,0.59338,-0.31809
5.3831,0.29818,0.95764,-1.4696,-0.59394,0.59549,-0.31815
5.405,0.29675,0.94433,-1.4828,-0.58242,0.59662,-0.31183
5.4224,0.29557,0.93355,-1.4928,-0.56638,0.59244,-0.30578
5.4422,0.29422,0.92161,-1.5037,-0.54736,0.58581,-0.29926
5.4623,0.29288,0.90989,-1.5146,-0.53806,0.58921,-0.29286
5.4919,0.29047,0.89264,-1.5298,-0.55526,0.61888,-0.28802
5.5037,0.28942,0.88544,-1.5361,-0.56732,0.63204,-0.28814
5.5231,0.28716,0.87246,-1.548,-0.58717,0.63621,-0.29581
5.5426,0.28472,0.85969,-1.5601,-0.58909,0.62718,-0.30074
5.5618,0.28211,0.8477,-1.5711,-0.57665,0.6128,-0.30126
5.5814,0.27941,0.83568,-1.582,-0.56897,0.60385,-0.30163
5.601,0.27675,0.82393,-1.593,-0.57223,0.60412,-0.30313
5.6214,0.27395,0.81177,-1.6049,-0.57813,0.61094,-0.30286
5.6415,0.27103,0.79955,-1.6167,-0.57649,0.61539,-0.29999
5.6613,0.26798,0.78726,-1.6282,-0.56757,0.61274,-0.29682
5.6798,0.26492,0.77602,-1.6384,-0.55961,0.60922,-0.29449
5.7006,0.26124,0.76376,-1.6498,-0.55895,0.61385,-0.29207
5.7244,0.25662,0.74963,-1.6631,-0.57219,0.63021,-0.29127
5.7408,0.25328,0.73957,-1.6725,-0.58595,0.63894,-0.29403
5.7609,0.24894,0.72669,-1.6846,-0.59964,0.6363,-0.30168
5.7796,0.24498,0.71502,-1.6962,-0.6018,0.62861,-0.30618
5.7985,0.24113,0.70371,-1.7076,-0.60036,0.62801,-0.30577
5.824,0.23586,0.6885,-1.7225,-0.6069,0.64145,-0.30281
5.8395,0.23251,0.67899,-1.7317,-0.6162,0.64997,-0.30338
5.8587,0.22803,0.66681,-1.7441,-0.62481,0.65198,-0.30647
5.8786,0.22327,0.65427,-1.7569,-0.62098,0.6471,-0.30686
5.8983,0.21857,0.64222,-1.7688,-0.61124,0.64164,-0.30476
5.9183,0.21365,0.63009,-1.7806,-0.60603,0.64067,-0.30274
5.9375,0.20872,0.61861,-1.7925,-0.60171,0.64286,-0.29975
5.9587,0.20281,0.60597,-1.8054,-0.58933,0.64208,-0.29427
5.9787,0.19682,0.59396,-1.817,-0.57341,0.63543,-0.28959
5.9966,0.19134,0.58353,-1.8269,-0.56447,0.63051,-0.28743
6.0176,0.18508,0.57173,-1.8386,-0.56372,0.63586,-0.28478
6.0447,0.17684,0.55638,-1.8538,-0.57838,0.66277,-0.28056
6.0572,0.17296,0.54899,-1.861,-0.58733,0.67546,-0.2796
6.0759,0.16661,0.53705,-1.8723,-0.59742,0.67573,-0.28404
6.0952,0.16016,0.5251,-1.8842,-0.59832,0.66892,-0.28718
6.1174,0.1528,0.51209,-1.8975,-0.58992,0.66139,-0.28642
6.1362,0.14637,0.5012,-1.9082,-0.58678,0.66089,-0.28518
6.1557,0.13942,0.48997,-1.9194,-0.59115,0.66395,-0.28594
6.1754,0.13228,0.47863,-1.9314,-0.59349,0.66623,-0.28608
6.1945,0.12526,0.46757,-1.943,-0.58606,0.66587,-0.28283
6.2146,0.11782,0.456,-1.9545,-0.57495,0.66545,-0.27791
6.2344,0.11046,0.44482,-1.9655,-0.57225,0.67033,-0.27476
6.255,0.10263,0.43326,-1.9773,-0.57743,0.68078,-0.27308
6.2763,0.094031,0.42105,-1.9899,-0.58336,0.68992,-0.27227
6.2932,0.086875,0.41127,-1.9998,-0.58801,0.69049,-0.27411
6.314,0.077845,0.39944,-2.0118,-0.59752,0.68391,-0.28087
6.3334,0.069571,0.38864,-2.0236,-0.60882,0.67846,-0.28807
6.3535,0.061116,0.37767,-2.0361,-0.6185,0.67949,-0.29197
6.3731,0.052738,0.36706,-2.0483,-0.62666,0.68774,-0.29226
6.3965,0.042361,0.35443,-2.0628,-0.63686,0.70108,-0.29142
6.4123,0.035007,0.34563,-2.0732,-0.64093,0.70576,-0.29134
6.4321,0.025538,0.33462,-2.0862,-0.63678,0.70101,-0.2914
6.452,0.016057,0.32386,-2.0986,-0.62925,0.69226,-0.29159
6.4716,0.0068104,0.31364,-2.1106,-0.6261,0.68733,-0.29218
6.4914,-0.0026326,0.30343,-2.1231,-0.62724,0.68851,-0.2922
6.5118,-0.012472,0.29302,-2.1361,-0.62844,0.69291,-0.29098
6.5317,-0.022426,0.2829,-2.1485,-0.6317,0.69627,-0.29107
6.5517,-0.032614,0.27289,-2.1609,-0.64105,0.69721,-0.29476
6.5711,-0.042569,0.26322,-2.1735,-0.65323,0.69667,-0.30025
6.5923,-0.053265,0.25261,-2.1877,-0.66424,0.69818,-0.30438
6.6105,-0.062493,0.24356,-2.1998,-0.67302,0.70524,-0.30527
6.6347,-0.075033,0.23181,-2.216,-0.6847,0.71902,-0.30465
6.6503,-0.083573,0.22402,-2.2271,-0.68681,0.72186,-0.3044
6.6695,-0.094464,0.21441,-2.2407,-0.67461,0.71134,-0.30348
6.6893,-0.10539,0.20508,-2.2537,-0.6563,0.69917,-0.30056
6.7099,-0.11652,0.1959,-2.2666,-0.64858,0.69972,-0.29701
6.7378,-0.13201,0.18381,-2.2844,-0.67085,0.72831,-0.29526
6.7491,-0.13848,0.17877,-2.2919,-0.68416,0.74168,-0.29566
6.7689,-0.15107,0.16935,-2.3063,-0.69921,0.74598,-0.30015
6.7885,-0.1634,0.16037,-2.3204,-0.69713,0.73906,-0.30194
6.8083,-0.17564,0.15183,-2.334,-0.68157,0.73004,-0.29903
6.8287,-0.18813,0.14337,-2.3476,-0.6688,0.72838,-0.29438
6.8492,-0.20089,0.13505,-2.361,-0.66594,0.73067,-0.29233
6.8689,-0.21337,0.127,-2.3742,-0.66924,0.73005,-0.29393
6.8871,-0.22481,0.11949,-2.3865,-0.67358,0.72745,-0.29672
6.9068,-0.23693,0.11149,-2.3998,-0.67966,0.72938,-0.2985
6.9332,-0.25323,0.10119,-2.4176,-0.69046,0.74296,-0.29774
6.9466,-0.26183,0.095922,-2.427,-0.69477,0.74952,-0.29702
6.9676,-0.27625,0.087948,-2.442,-0.69375,0.74991,-0.29647
6.9863,-0.28903,0.081169,-2.4548,-0.6921,0.74686,-0.29694
7.0066,-0.30267,0.074075,-2.4685,-0.69524,0.74564,-0.29867
7.0267,-0.31632,0.067059,-2.4827,-0.70226,0.74703,-0.30098
7.0456,-0.32932,0.060644,-2.4962,-0.70782,0.74515,-0.30394
7.0658,-0.34336,0.054127,-2.5104,-0.68331,0.73341,-0.29846
7.0852,-0.35702,0.048145,-2.5243,-0.61795,0.71188,-0.27915
7.1054,-0.37058,0.042327,-2.5377,-0.5211,0.69002,-0.24438
7.1249,-0.38294,0.036942,-2.5483,-0.4271,0.68354,-0.20347
7.1543,-0.40089,0.028767,-2.5598,-0.28599,0.6919,-0.13565
7.1728,-0.41266,0.023168,-2.5653,-0.19666,0.69105,-0.093695
7.1843,-0.42026,0.019379,-2.5676,-0.14172,0.6776,-0.06895
7.204,-0.4327,0.013091,-2.5695,-0.076322,0.62673,-0.040189
7.2244,-0.44406,0.0071701,-2.57,-0.048014,0.57219,-0.0277
7.2435,-0.45348,0.0022495,-2.5705,-0.053633,0.53706,-0.032963
7.268,-0.46496,-0.003696,-2.5723,-0.066888,0.51127,-0.043172
7.2831,-0.47206,-0.0072254,-2.5736,-0.07313,0.49508,-0.048736
7.3027,-0.48105,-0.011559,-2.5749,-0.074407,0.46675,-0.05259
7.3232,-0.48981,-0.015646,-2.5764,-0.072443,0.43604,-0.054804
7.3427,-0.4975,-0.019219,-2.578,-0.064929,0.41077,-0.052147
7.3623,-0.50479,-0.022674,-2.5793,-0.054009,0.38866,-0.045853
7.382,-0.51169,-0.026218,-2.5799,-0.049961,0.36568,-0.045083
7.4022,-0.51828,-0.02981,-2.5807,-0.056378,0.33896,-0.054866
7.4216,-0.52411,-0.032994,-2.5822,-0.061787,0.31191,-0.065317
7.4414,-0.52964,-0.03574,-2.5837,-0.057415,0.2859,-0.066214
7.4618,-0.53491,-0.038168,-2.5846,-0.046902,0.26253,-0.058922
7.4813,-0.53956,-0.040329,-2.5852,-0.038008,0.24261,-0.051685
7.5009,-0.54379,-0.04255,-2.5861,-0.029567,0.2231,-0.043733
7.521,-0.54777,-0.044706,-2.5867,-0.020304,0.20219,-0.033147
7.5405,-0.55132,-0.046583,-2.5867,-0.015536,0.18098,-0.028339
7.561,-0.55465,-0.048206,-2.5869,-0.01715,0.16025,-0.035323
7.58,-0.55735,-0.04951,-2.5875,-0.019138,0.14465,-0.04366
7.5998,-0.5599,-0.050693,-2.5879,-0.017752,0.13212,-0.044336
7.6198,-0.56223,-0.051964,-2.5881,-0.015961,0.12006,-0.043872
7.64,-0.56432,-0.053319,-2.5884,-0.016087,0.10578,-0.050174
7.6595,-0.56605,-0.054548,-2.5888,-0.014692,0.090208,-0.053727
7.6791,-0.56755,-0.055457,-2.5892,-0.0095302,0.075108,-0.041874
7.6987,-0.56886,-0.056057,-2.5892,-0.0044899,0.062654,-0.023658
7.7192,-0.57,-0.056534,-2.5891,-0.0035736,0.052624,-0.022419
7.7384,-0.57085,-0.057051,-2.5892,-0.0053558,0.044102,-0.040079
7.7596,-0.5716,-0.057704,-2.5895,-0.0064232,0.033234,-0.063732
7.7806,-0.57212,-0.058299,-2.5896,-0.0054579,0.020341,-0.088367
7.7986,-0.57238,-0.058605,-2.5896,-0.0039038,0.0096377,-0.13296
7.8174,-0.57246,-0.058662,-2.5897,-0.0018832,0.0019094,-0.31483
7.8375,-0.57244,-0.05861,-2.5898,0.00056538,-0.0026263,-0.070965
7.8575,-0.57235,-0.058639,-2.5897,0.002128,-0.0060192,-0.11621
7.8767,-0.57219,-0.058783,-2.5896,0.0019844,-0.010686,-0.061241
7.8969,-0.5719,-0.058913,-2.5896,0.0011611,-0.016637,-0.023041
7.9169,-0.57153,-0.058849,-2.5896,0.0013487,-0.020848,-0.021358
7.9429,-0.57098,-0.058525,-2.5896,0.0026821,-0.021858,-0.040495
7.9647,-0.57049,-0.058212,-2.5895,0.0035687,-0.019188,-0.061334
7.9759,-0.57025,-0.05812,-2.5894,0.0034657,-0.016791,-0.068046
7.9954,-0.56993,-0.058108,-2.5893,0.0026082,-0.013996,-0.061456
8.0265,-0.56953,-0.058154,-2.5893,0.00093313,-0.01228,-0.025087
8.0412,-0.56936,-0.058116,-2.5893,0.00031612,-0.011524,-0.0090576
8.0549,-0.56919,-0.057958,-2.5893,0.00016028,-0.0091188,-0.0058038
8.0747,-0.56902,-0.057751,-2.5893,0.00047931,-0.0033064,-0.047831
8.0949,-0.56895,-0.057724,-2.5893,0.00091485,0.0025998,0.11568
8.1141,-0.56898,-0.057903,-2.5892,0.0006837,0.0052039,0.043355
8.1349,-0.56906,-0.058132,-2.5892,-0.00030094,0.0046161,-0.021524
8.154,-0.56913,-0.058193,-2.5893,-0.00097449,0.0036027,-0.089078
8.1737,-0.56921,-0.058111,-2.5893,-0.00063325,0.0042604,-0.04904
8.1936,-0.5693,-0.058049,-2.5893,0.00059383,0.0064397,0.03044
8.2131,-0.5694,-0.058131,-2.5893,0.0014493,0.0080641,0.059275
8.2332,-0.56952,-0.058334,-2.5892,0.00093351,0.0077853,0.039573
8.2533,-0.56964,-0.058506,-2.5892,-0.00046993,0.0058157,-0.026675
8.2788,-0.56979,-0.058555,-2.5893,-0.0018893,0.002115,-0.28683
8.2923,-0.56985,-0.058523,-2.5893,-0.0019922,0.00027821,-1.1707
8.3121,-0.56986,-0.058424,-2.5894,-0.00058867,-0.00074063,0.25666
8.3331,-0.56983,-0.058381,-2.5893,0.0009632,-0.00040453,-0.66628
8.352,-0.56979,-0.058425,-2.5893,0.0016252,-0.00030367,-1.0558
8.3816,-0.56974,-0.058599,-2.5892,0.00099881,-0.0027641,-0.11876
8.3916,-0.56972,-0.05865,-2.5892,0.00072635,-0.0038785,-0.06176
8.4113,-0.56965,-0.058502,-2.5893,0.0014386,-0.0045926,-0.10307
8.4311,-0.56957,-0.058298,-2.5892,0.0022642,-0.0027075,-0.26942
8.4521,-0.56952,-0.058182,-2.5891,0.0021496,0.0014332,0.45984
8.4718,-0.56951,-0.058316,-2.5891,0.00075334,0.00361,0.068798
8.4909,-0.56954,-0.058556,-2.5891,-0.00072414,0.0023306,-0.10224
8.5103,-0.56958,-0.058654,-2.5891,-0.0013575,-0.00058641,0.65265
8.5308,-0.5696,-0.058489,-2.5892,-0.0013275,-0.0020486,0.2108
8.5503,-0.5696,-0.058276,-2.5892,-0.0010613,-0.00093431,0.35884
8.5765,-0.56959,-0.058207,-2.5892,-0.00047046,0.0024923,-0.06225
8.5892,-0.5696,-0.058292,-2.5892,-0.00017936,0.0036022,-0.01644
8.6088,-0.56963,-0.05855,-2.5892,-7.5324e-06,0.0021729,-0.0011447
8.6319,-0.56965,-0.058656,-2.5892,4.1349e-05,-0.00059144,-0.023081
8.6493,-0.56966,-0.058563,-2.5892,0.00019113,-0.0014716,-0.042859
8.6821,-0.56969,-0.058269,-2.5892,0.00090579,0.0011536,0.25369
8.6927,-0.56969,-0.058244,-2.5892,0.0011288,0.0020232,0.18219
8.708,-0.56968,-0.058436,-2.5892,0.0011872,0.0016045,0.23962
8.7278,-0.56966,-0.05863,-2.5891,0.00085903,-5.1189e-05,-1.3923
8.7478,-0.56964,-0.058645,-2.5891,0.00018601,-0.0015993,-0.038385
8.7684,-0.56964,-0.058497,-2.5891,-0.00030987,-0.0013625,0.074957
8.7886,-0.56965,-0.058354,-2.5891,-0.000171,0.00028634,-0.1947
8.808,-0.56967,-0.058346,-2.5891,0.00045034,0.0015018,0.098697
8.8276,-0.56967,-0.058474,-2.5891,0.0010678,0.0010565,0.32211
8.8465,-0.56965,-0.058613,-2.5891,0.00094536,-0.00068485,-0.42767
8.8677,-0.5696,-0.058659,-2.589,-0.00044194,-0.0025279,0.057664
8.8863,-0.56956,-0.058583,-2.5891,-0.0020421,-0.0026937,0.24529
8.9063,-0.56953,-0.058457,-2.5892,-0.0026487,-0.0011226,0.66187
8.926,-0.56953,-0.058393,-2.5893,-0.0016129,0.0010845,-0.4565
8.9476,-0.56955,-0.058424,-2.5892,0.00056497,0.0032585,0.05719
8.9655,-0.5696,-0.058502,-2.5892,0.0023894,0.0050091,0.15622
