rosbagTimestamp,header,seq,stamp,secs,nsecs,frame_id,twist,linear,x,y,z,angular,x,y,z
1512264239795950790,,1,,1512264239,795190095,cmd,,,0.0,0.0,0.0,,0.0,0.0,0.0
1512264239796010009,,2,,1512264239,795568943,cmd,,,1.0,0.0,0.0,,0.0,0.0,0.0
1512264239896677769,,3,,1512264239,895940065,cmd,,,1.0,0.0,0.0,,0.0,0.0,0.0
1512264239996315269,,4,,1512264239,995800018,cmd,,,1.0,0.0,0.0,,0.0,0.0,0.0
1512264240096606102,,5,,1512264240,95834016,cmd,,,1.0,0.0,0.0,,0.0,0.0,0.0
1512264240196728915,,6,,1512264240,195801019,cmd,,,1.0,0.0,0.0,,0.0,0.0,0.0
1512264240296485946,,7,,1512264240,295779943,cmd,,,1.0,0.0,0.0,,0.0,0.0,0.0
1512264240396324644,,8,,1512264240,395766973,cmd,,,1.0,0.0,0.0,,0.0,0.0,0.0
1512264240496639331,,9,,1512264240,495834112,cmd,,,1.0,0.0,0.0,,0.0,0.0,0.0
1512264240596607925,,10,,1512264240,595798015,cmd,,,1.0,0.0,0.0,,0.0,0.0,0.0
1512264240696826623,,11,,1512264240,695892095,cmd,,,1.0,0.0,0.0,,0.0,0.0,0.0
1512264240796514800,,12,,1512264240,795803070,cmd,,,1.0,0.0,0.0,,0.0,0.0,0.0
1512264240896435946,,13,,1512264240,895858049,cmd,,,1.0,0.0,0.0,,0.0,0.0,0.0
1512264240996559071,,14,,1512264240,995860099,cmd,,,1.0,0.0,0.0,,0.0,0.0,0.0
1512264241096613289,,15,,1512264241,95814943,cmd,,,1.0,0.0,0.0,,0.0,0.0,0.0
1512264241196561258,,16,,1512264241,195945024,cmd,,,1.0,0.0,0.0,,0.0,0.0,0.0
1512264241297128706,,17,,1512264241,295941114,cmd,,,1.5,0.0,0.0,,0.0,0.0,0.0
1512264241396511935,,18,,1512264241,395956039,cmd,,,1.5,0.0,0.0,,0.0,0.0,0.0
1512264241496297820,,19,,1512264241,495707035,cmd,,,1.5,0.0,0.0,,0.0,0.0,0.0
1512264241596389487,,20,,1512264241,595863103,cmd,,,1.5,0.0,0.0,,0.0,0.0,0.0
1512264241696414435,,21,,1512264241,695785999,cmd,,,1.5,0.0,0.0,,0.0,0.0,0.0
1512264241796715477,,22,,1512264241,795861959,cmd,,,1.5,0.0,0.0,,0.0,0.0,0.0
1512264241896749643,,23,,1512264241,895978927,cmd,,,1.5,0.0,0.0,,0.0,0.0,0.0
1512264241996377352,,24,,1512264241,995793104,cmd,,,1.5,0.0,0.0,,0.0,0.0,0.0
1512264242096231987,,25,,1512264242,95789909,cmd,,,1.5,0.0,0.0,,0.0,0.0,0.0
1512264242196306987,,26,,1512264242,195801973,cmd,,,1.5,0.0,0.0,,0.0,0.0,0.0
1512264242296783133,,27,,1512264242,295820951,cmd,,,0.0,0.0,0.0,,0.0,0.0,0.0
1512264242397032247,,28,,1512264242,395793914,cmd,,,0.0,0.0,0.0,,0.0,0.0,0.0
1512264242496517612,,29,,1512264242,495860099,cmd,,,0.0,0.0,0.0,,0.0,0.0,0.0
1512264242596221466,,30,,1512264242,595712900,cmd,,,0.0,0.0,0.0,,0.0,0.0,0.0
1512264242696506101,,31,,1512264242,695795059,cmd,,,0.0,0.0,0.0,,0.0,0.0,0.0
1512264242797014122,,32,,1512264242,795797109,cmd,,,0.0,0.0,0.0,,0.0,0.0,0.0
1512264242896398966,,33,,1512264242,895802021,cmd,,,0.0,0.0,0.0,,0.0,0.0,0.0
1512264242996523028,,34,,1512264242,995814085,cmd,,,0.0,0.0,0.0,,0.0,0.0,0.0
1512264243097182299,,35,,1512264243,95940113,cmd,,,0.0,0.0,0.0,,0.0,0.0,0.0
1512264243196363341,,36,,1512264243,195802927,cmd,,,0.0,0.0,0.0,,0.0,0.0,0.0
1512264243296731466,,37,,1512264243,295939922,cmd,,,0.0,0.0,0.0,,0.0,0.0,0.0
1512264282750935096,,1,,1512264282,750130891,cmd,,,0.0,0.0,0.0,,0.0,0.0,0.0
1512264282751064419,,2,,1512264282,750513076,cmd,,,1.0,0.0,0.0,,0.0,0.0,0.0
1512264282851250773,,3,,1512264282,850740909,cmd,,,1.0,0.0,0.0,,0.0,0.0,0.0
1512264282951135253,,4,,1512264282,950756072,cmd,,,1.0,0.0,0.0,,0.0,0.0,0.0
1512264283051253898,,5,,1512264283,50750017,cmd,,,1.0,0.0,0.0,,0.0,0.0,0.0
1512264283151212492,,6,,1512264283,150739908,cmd,,,1.0,0.0,0.0,,0.0,0.0,0.0
1512264283251244992,,7,,1512264283,250737905,cmd,,,1.0,0.0,0.0,,0.0,0.0,0.0
1512264283351192804,,8,,1512264283,350747108,cmd,,,1.0,0.0,0.0,,0.0,0.0,0.0
1512264283451265669,,9,,1512264283,450736045,cmd,,,1.0,0.0,0.0,,0.0,0.0,0.0
1512264283551416919,,10,,1512264283,550736904,cmd,,,1.0,0.0,0.0,,0.0,0.0,0.0
1512264283651420044,,11,,1512264283,650746107,cmd,,,1.0,0.0,0.0,,0.0,0.0,0.0
1512264283751529731,,12,,1512264283,750746011,cmd,,,1.0,0.0,0.0,,0.0,0.0,0.0
1512264283851390669,,13,,1512264283,850738048,cmd,,,1.0,0.0,0.0,,0.0,0.0,0.0
1512264283951412804,,14,,1512264283,950751066,cmd,,,1.0,0.0,0.0,,0.0,0.0,0.0
1512264284051612856,,15,,1512264284,50751924,cmd,,,1.0,0.0,0.0,,0.0,0.0,0.0
1512264284152118533,,16,,1512264284,151316881,cmd,,,1.0,0.0,0.0,,0.0,0.0,0.0
1512264284251782492,,17,,1512264284,250822067,cmd,,,1.5,0.0,0.0,,0.0,0.0,0.0
1512264284351369575,,18,,1512264284,350763082,cmd,,,1.5,0.0,0.0,,0.0,0.0,0.0
1512264284451765304,,19,,1512264284,450759887,cmd,,,1.5,0.0,0.0,,0.0,0.0,0.0
1512264284551317075,,20,,1512264284,550746917,cmd,,,1.5,0.0,0.0,,0.0,0.0,0.0
1512264284651298689,,21,,1512264284,650752067,cmd,,,1.5,0.0,0.0,,0.0,0.0,0.0
1512264284752156554,,22,,1512264284,750754117,cmd,,,1.5,0.0,0.0,,0.0,0.0,0.0
1512264284851293741,,23,,1512264284,850748062,cmd,,,1.5,0.0,0.0,,0.0,0.0,0.0
1512264284951355773,,24,,1512264284,950740098,cmd,,,1.5,0.0,0.0,,0.0,0.0,0.0
1512264285051252491,,25,,1512264285,50750970,cmd,,,1.5,0.0,0.0,,0.0,0.0,0.0
1512264285151245043,,26,,1512264285,150736093,cmd,,,1.5,0.0,0.0,,0.0,0.0,0.0
1512264285251552648,,27,,1512264285,250735044,cmd,,,0.0,0.0,0.0,,0.0,0.0,0.0
1512264285351664731,,28,,1512264285,350737094,cmd,,,0.0,0.0,0.0,,0.0,0.0,0.0
1512264285451295877,,29,,1512264285,450737953,cmd,,,0.0,0.0,0.0,,0.0,0.0,0.0
1512264285551274106,,30,,1512264285,550745964,cmd,,,0.0,0.0,0.0,,0.0,0.0,0.0
1512264285651254731,,31,,1512264285,650755882,cmd,,,0.0,0.0,0.0,,0.0,0.0,0.0
1512264285751278637,,32,,1512264285,750736951,cmd,,,0.0,0.0,0.0,,0.0,0.0,0.0
1512264285851292179,,33,,1512264285,850785970,cmd,,,0.0,0.0,0.0,,0.0,0.0,0.0
1512264285951468533,,34,,1512264285,950921058,cmd,,,0.0,0.0,0.0,,0.0,0.0,0.0
1512264286051317647,,35,,1512264286,50820112,cmd,,,0.0,0.0,0.0,,0.0,0.0,0.0
1512264286151293272,,36,,1512264286,150738000,cmd,,,0.0,0.0,0.0,,0.0,0.0,0.0
1512264286251591085,,37,,1512264286,250751018,cmd,,,0.0,0.0,0.0,,0.0,0.0,0.0
1512264540167826613,,1,,1512264540,167135953,cmd,,,0.0,0.0,0.0,,0.0,0.0,0.0
1512264540168017550,,2,,1512264540,167538881,cmd,,,2.0,0.0,0.0,,0.0,0.0,0.0
1512264540268338227,,3,,1512264540,267808914,cmd,,,2.0,0.0,0.0,,0.0,0.0,0.0
1512264540368468019,,4,,1512264540,367938041,cmd,,,2.0,0.0,0.0,,0.0,0.0,0.0
1512264540468437706,,5,,1512264540,467792034,cmd,,,2.0,0.0,0.0,,0.0,0.0,0.0
1512264540568377863,,6,,1512264540,567807912,cmd,,,2.0,0.0,0.0,,0.0,0.0,0.0
1512264540668298175,,7,,1512264540,667803049,cmd,,,2.0,0.0,0.0,,0.0,0.0,0.0
1512264540768503644,,8,,1512264540,767934083,cmd,,,2.0,0.0,0.0,,0.0,0.0,0.0
1512264540868636144,,9,,1512264540,867945909,cmd,,,2.0,0.0,0.0,,0.0,0.0,0.0
1512264540968289529,,10,,1512264540,967794895,cmd,,,2.0,0.0,0.0,,0.0,0.0,0.0
1512264541068252758,,11,,1512264541,67794084,cmd,,,2.0,0.0,0.0,,0.0,0.0,0.0
1512264541168499060,,12,,1512264541,167793989,cmd,,,2.0,0.0,0.0,,0.0,0.0,0.0
1512264541268514269,,13,,1512264541,267802953,cmd,,,2.0,0.0,0.0,,0.0,0.0,0.0
1512264541368489737,,14,,1512264541,367933034,cmd,,,2.0,0.0,0.0,,0.0,0.0,0.0
1512264541468482446,,15,,1512264541,467983961,cmd,,,2.0,0.0,0.0,,0.0,0.0,0.0
1512264541568301716,,16,,1512264541,567791938,cmd,,,2.0,0.0,0.0,,0.0,0.0,0.0
1512264541668421925,,17,,1512264541,667936086,cmd,,,2.0,0.0,0.0,,0.0,0.0,0.0
1512264541768332289,,18,,1512264541,767982006,cmd,,,2.0,0.0,0.0,,0.0,0.0,0.0
1512264541868670258,,19,,1512264541,867933034,cmd,,,2.0,0.0,0.0,,0.0,0.0,0.0
1512264541968381352,,20,,1512264541,967792987,cmd,,,2.0,0.0,0.0,,0.0,0.0,0.0
1512264542068363383,,21,,1512264542,67945957,cmd,,,2.0,0.0,0.0,,0.0,0.0,0.0
1512264542168301820,,22,,1512264542,167808055,cmd,,,0.7,0.0,0.0,,0.0,0.0,0.0
1512264542268371195,,23,,1512264542,267801046,cmd,,,0.7,0.0,0.0,,0.0,0.0,0.0
1512264542368458435,,24,,1512264542,367933988,cmd,,,0.7,0.0,0.0,,0.0,0.0,0.0
1512264542468417914,,25,,1512264542,467931032,cmd,,,0.7,0.0,0.0,,0.0,0.0,0.0
1512264542568485622,,26,,1512264542,567977905,cmd,,,0.7,0.0,0.0,,0.0,0.0,0.0
1512264542668403539,,27,,1512264542,667928934,cmd,,,0.7,0.0,0.0,,0.0,0.0,0.0
1512264542768412810,,28,,1512264542,767791986,cmd,,,0.7,0.0,0.0,,0.0,0.0,0.0
1512264542868499528,,29,,1512264542,867949008,cmd,,,0.7,0.0,0.0,,0.0,0.0,0.0
1512264542968469841,,30,,1512264542,967786073,cmd,,,0.7,0.0,0.0,,0.0,0.0,0.0
1512264543068711716,,31,,1512264543,67799091,cmd,,,0.7,0.0,0.0,,0.0,0.0,0.0
1512264543168174060,,32,,1512264543,167798995,cmd,,,0.7,0.0,0.0,,0.0,0.0,0.0
1512264543268321507,,33,,1512264543,267807960,cmd,,,0.7,0.0,0.0,,0.0,0.0,0.0
1512264543368383278,,34,,1512264543,367804050,cmd,,,0.7,0.0,0.0,,0.0,0.0,0.0
1512264543468342341,,35,,1512264543,467794895,cmd,,,0.7,0.0,0.0,,0.0,0.0,0.0
1512264543568431195,,36,,1512264543,567939996,cmd,,,0.7,0.0,0.0,,0.0,0.0,0.0
1512264543668442914,,37,,1512264543,667938947,cmd,,,0.7,0.0,0.0,,0.0,0.0,0.0
1512264543768337809,,38,,1512264543,767786979,cmd,,,0.7,0.0,0.0,,0.0,0.0,0.0
1512264543868395830,,39,,1512264543,867947101,cmd,,,0.7,0.0,0.0,,0.0,0.0,0.0
1512264543968372184,,40,,1512264543,967926025,cmd,,,0.7,0.0,0.0,,0.0,0.0,0.0
1512264544068327705,,41,,1512264544,67790985,cmd,,,0.7,0.0,0.0,,0.0,0.0,0.0
1512264544168204528,,42,,1512264544,167812108,cmd,,,0.0,0.0,0.0,,0.0,0.0,0.0
1512264544268224476,,43,,1512264544,267797946,cmd,,,0.0,0.0,0.0,,0.0,0.0,0.0
1512264544368352913,,44,,1512264544,367799043,cmd,,,0.0,0.0,0.0,,0.0,0.0,0.0
1512264544468320882,,45,,1512264544,467796087,cmd,,,0.0,0.0,0.0,,0.0,0.0,0.0
1512264544568156246,,46,,1512264544,567795991,cmd,,,0.0,0.0,0.0,,0.0,0.0,0.0
1512264544668359788,,47,,1512264544,667813062,cmd,,,0.0,0.0,0.0,,0.0,0.0,0.0
1512264544768704424,,48,,1512264544,767798900,cmd,,,0.0,0.0,0.0,,0.0,0.0,0.0
1512264544868248694,,49,,1512264544,867804050,cmd,,,0.0,0.0,0.0,,0.0,0.0,0.0
1512264544968650830,,50,,1512264544,967797040,cmd,,,0.0,0.0,0.0,,0.0,0.0,0.0
1512264545068290257,,51,,1512264545,67814111,cmd,,,0.0,0.0,0.0,,0.0,0.0,0.0
1512264545169857757,,52,,1512264545,167788028,cmd,,,0.0,0.0,0.0,,0.0,0.0,0.0
1512264573427285090,,1,,1512264573,426088094,cmd,,,0.0,0.0,0.0,,0.0,0.0,0.0
1512264573427305610,,2,,1512264573,426404953,cmd,,,2.0,0.0,0.0,,0.0,0.0,0.0
1512264573527357590,,3,,1512264573,526674985,cmd,,,2.0,0.0,0.0,,0.0,0.0,0.0
1512264573627531808,,4,,1512264573,626723051,cmd,,,2.0,0.0,0.0,,0.0,0.0,0.0
1512264573727130767,,5,,1512264573,726692914,cmd,,,2.0,0.0,0.0,,0.0,0.0,0.0
1512264573827115350,,6,,1512264573,826669931,cmd,,,2.0,0.0,0.0,,0.0,0.0,0.0
1512264573927454673,,7,,1512264573,926767110,cmd,,,2.0,0.0,0.0,,0.0,0.0,0.0
1512264574027758631,,8,,1512264574,26674985,cmd,,,2.0,0.0,0.0,,0.0,0.0,0.0
1512264574127398214,,9,,1512264574,126672983,cmd,,,2.0,0.0,0.0,,0.0,0.0,0.0
1512264574227498891,,10,,1512264574,226696968,cmd,,,2.0,0.0,0.0,,0.0,0.0,0.0
1512264574327391496,,11,,1512264574,326690912,cmd,,,2.0,0.0,0.0,,0.0,0.0,0.0
1512264574427369933,,12,,1512264574,426670074,cmd,,,2.0,0.0,0.0,,0.0,0.0,0.0
1512264574527249048,,13,,1512264574,526786088,cmd,,,2.0,0.0,0.0,,0.0,0.0,0.0
1512264574627143423,,14,,1512264574,626686096,cmd,,,2.0,0.0,0.0,,0.0,0.0,0.0
1512264574727454204,,15,,1512264574,726772069,cmd,,,2.0,0.0,0.0,,0.0,0.0,0.0
1512264574827535610,,16,,1512264574,826710939,cmd,,,2.0,0.0,0.0,,0.0,0.0,0.0
1512264574927065193,,17,,1512264574,926681995,cmd,,,2.0,0.0,0.0,,0.0,0.0,0.0
1512264575027543214,,18,,1512264575,26667118,cmd,,,2.0,0.0,0.0,,0.0,0.0,0.0
1512264575127373891,,19,,1512264575,126655101,cmd,,,2.0,0.0,0.0,,0.0,0.0,0.0
1512264575227456079,,20,,1512264575,226672887,cmd,,,2.0,0.0,0.0,,0.0,0.0,0.0
1512264575327178631,,21,,1512264575,326710939,cmd,,,2.0,0.0,0.0,,0.0,0.0,0.0
1512264575427202068,,22,,1512264575,426673889,cmd,,,0.7,0.0,0.0,,0.0,0.0,0.0
1512264575527663839,,23,,1512264575,526818037,cmd,,,0.7,0.0,0.0,,0.0,0.0,0.0
1512264575627669047,,24,,1512264575,626810073,cmd,,,0.7,0.0,0.0,,0.0,0.0,0.0
1512264575727461755,,25,,1512264575,726674079,cmd,,,0.7,0.0,0.0,,0.0,0.0,0.0
1512264575827598630,,26,,1512264575,826720952,cmd,,,0.7,0.0,0.0,,0.0,0.0,0.0
1512264575927446391,,27,,1512264575,926640987,cmd,,,0.7,0.0,0.0,,0.0,0.0,0.0
1512264576027443005,,28,,1512264576,26702880,cmd,,,0.7,0.0,0.0,,0.0,0.0,0.0
1512264576127514359,,29,,1512264576,126669883,cmd,,,0.7,0.0,0.0,,0.0,0.0,0.0
1512264576227645193,,30,,1512264576,226816892,cmd,,,0.7,0.0,0.0,,0.0,0.0,0.0
1512264576327514932,,31,,1512264576,326699018,cmd,,,0.7,0.0,0.0,,0.0,0.0,0.0
1512264576427451651,,32,,1512264576,426662921,cmd,,,0.7,0.0,0.0,,0.0,0.0,0.0
1512264576527496703,,33,,1512264576,526688098,cmd,,,0.7,0.0,0.0,,0.0,0.0,0.0
1512264576627545193,,34,,1512264576,626696109,cmd,,,0.7,0.0,0.0,,0.0,0.0,0.0
1512264576727483370,,35,,1512264576,726706027,cmd,,,0.7,0.0,0.0,,0.0,0.0,0.0
1512264576827422588,,36,,1512264576,826693058,cmd,,,0.7,0.0,0.0,,0.0,0.0,0.0
1512264576927482380,,37,,1512264576,926744937,cmd,,,0.7,0.0,0.0,,0.0,0.0,0.0
1512264577027535245,,38,,1512264577,26678085,cmd,,,0.7,0.0,0.0,,0.0,0.0,0.0
1512264577127197849,,39,,1512264577,126744985,cmd,,,0.7,0.0,0.0,,0.0,0.0,0.0
1512264577227363890,,40,,1512264577,226674079,cmd,,,0.7,0.0,0.0,,0.0,0.0,0.0
1512264577327164828,,41,,1512264577,326666116,cmd,,,0.7,0.0,0.0,,0.0,0.0,0.0
1512264577427478526,,42,,1512264577,426719903,cmd,,,0.0,0.0,0.0,,0.0,0.0,0.0
1512264577527158265,,43,,1512264577,526680946,cmd,,,0.0,0.0,0.0,,0.0,0.0,0.0
1512264577627528734,,44,,1512264577,626763105,cmd,,,0.0,0.0,0.0,,0.0,0.0,0.0
1512264577727122223,,45,,1512264577,726655006,cmd,,,0.0,0.0,0.0,,0.0,0.0,0.0
1512264577827391234,,46,,1512264577,826702117,cmd,,,0.0,0.0,0.0,,0.0,0.0,0.0
1512264577927406911,,47,,1512264577,926651954,cmd,,,0.0,0.0,0.0,,0.0,0.0,0.0
1512264578027485348,,48,,1512264578,26689052,cmd,,,0.0,0.0,0.0,,0.0,0.0,0.0
1512264578127417484,,49,,1512264578,126682996,cmd,,,0.0,0.0,0.0,,0.0,0.0,0.0
1512264578227193890,,50,,1512264578,226722002,cmd,,,0.0,0.0,0.0,,0.0,0.0,0.0
1512264578327530036,,51,,1512264578,326670885,cmd,,,0.0,0.0,0.0,,0.0,0.0,0.0
1512264578427525244,,52,,1512264578,426682949,cmd,,,0.0,0.0,0.0,,0.0,0.0,0.0
1512264630271504964,,1,,1512264630,270565032,cmd,,,0.0,0.0,0.0,,0.0,0.0,0.0
1512264630271699339,,2,,1512264630,270937919,cmd,,,0.7,0.0,0.0,,0.0,0.0,0.0
1512264630371668974,,3,,1512264630,371205091,cmd,,,0.7,0.0,0.0,,0.0,0.0,0.0
1512264630471775016,,4,,1512264630,471261024,cmd,,,0.7,0.0,0.0,,0.0,0.0,0.0
1512264630571628349,,5,,1512264630,571213006,cmd,,,0.7,0.0,0.0,,0.0,0.0,0.0
1512264630671706995,,6,,1512264630,671212911,cmd,,,0.7,0.0,0.0,,0.0,0.0,0.0
1512264630771722151,,7,,1512264630,771198034,cmd,,,0.7,0.0,0.0,,0.0,0.0,0.0
1512264630872069859,,8,,1512264630,871201038,cmd,,,0.7,0.0,0.0,,0.0,0.0,0.0
1512264630971743661,,9,,1512264630,971203088,cmd,,,0.7,0.0,0.0,,0.0,0.0,0.0
1512264631071714547,,10,,1512264631,71223020,cmd,,,0.7,0.0,0.0,,0.0,0.0,0.0
1512264631171886526,,11,,1512264631,171324968,cmd,,,0.7,0.0,0.0,,0.0,0.0,0.0
1512264631272149130,,12,,1512264631,271290063,cmd,,,0.7,0.0,0.0,,0.0,0.0,0.0
1512264631371939651,,13,,1512264631,371220111,cmd,,,0.7,0.0,0.0,,0.0,0.0,0.0
1512264631472036838,,14,,1512264631,471205949,cmd,,,0.7,0.0,0.0,,0.0,0.0,0.0
1512264631571944911,,15,,1512264631,571247100,cmd,,,0.7,0.0,0.0,,0.0,0.0,0.0
1512264631672044182,,16,,1512264631,671220064,cmd,,,0.7,0.0,0.0,,0.0,0.0,0.0
1512264631771697619,,17,,1512264631,771209955,cmd,,,0.7,0.0,0.0,,0.0,0.0,0.0
1512264631872138661,,18,,1512264631,871359109,cmd,,,0.7,0.0,0.0,,0.0,0.0,0.0
1512264631971676421,,19,,1512264631,971188068,cmd,,,0.7,0.0,0.0,,0.0,0.0,0.0
1512264632072099911,,20,,1512264632,71372032,cmd,,,0.7,0.0,0.0,,0.0,0.0,0.0
1512264632172095796,,21,,1512264632,171199083,cmd,,,0.7,0.0,0.0,,0.0,0.0,0.0
1512264632271999598,,22,,1512264632,271219968,cmd,,,2.0,0.0,0.0,,0.0,0.0,0.0
1512264632371976630,,23,,1512264632,371221065,cmd,,,2.0,0.0,0.0,,0.0,0.0,0.0
1512264632472003296,,24,,1512264632,471246957,cmd,,,2.0,0.0,0.0,,0.0,0.0,0.0
1512264632571676265,,25,,1512264632,571204900,cmd,,,2.0,0.0,0.0,,0.0,0.0,0.0
1512264632671764494,,26,,1512264632,671345949,cmd,,,2.0,0.0,0.0,,0.0,0.0,0.0
1512264632771710380,,27,,1512264632,771198034,cmd,,,2.0,0.0,0.0,,0.0,0.0,0.0
1512264632871801786,,28,,1512264632,871356010,cmd,,,2.0,0.0,0.0,,0.0,0.0,0.0
1512264632972105327,,29,,1512264632,971208095,cmd,,,2.0,0.0,0.0,,0.0,0.0,0.0
1512264633071769806,,30,,1512264633,71372985,cmd,,,2.0,0.0,0.0,,0.0,0.0,0.0
1512264633171741786,,31,,1512264633,171207904,cmd,,,2.0,0.0,0.0,,0.0,0.0,0.0
1512264633271872515,,32,,1512264633,271410942,cmd,,,2.0,0.0,0.0,,0.0,0.0,0.0
1512264633372302619,,33,,1512264633,371233940,cmd,,,2.0,0.0,0.0,,0.0,0.0,0.0
1512264633475843921,,34,,1512264633,471206903,cmd,,,2.0,0.0,0.0,,0.0,0.0,0.0
1512264633572173400,,35,,1512264633,571393013,cmd,,,2.0,0.0,0.0,,0.0,0.0,0.0
1512264633672008817,,36,,1512264633,671190023,cmd,,,2.0,0.0,0.0,,0.0,0.0,0.0
1512264633771908140,,37,,1512264633,771207094,cmd,,,2.0,0.0,0.0,,0.0,0.0,0.0
1512264633872121785,,38,,1512264633,871392011,cmd,,,2.0,0.0,0.0,,0.0,0.0,0.0
1512264633972183192,,39,,1512264633,971314907,cmd,,,2.0,0.0,0.0,,0.0,0.0,0.0
1512264634072195692,,40,,1512264634,71228981,cmd,,,2.0,0.0,0.0,,0.0,0.0,0.0
1512264634172083035,,41,,1512264634,171220064,cmd,,,2.0,0.0,0.0,,0.0,0.0,0.0
1512264634271754441,,42,,1512264634,271214962,cmd,,,0.0,0.0,0.0,,0.0,0.0,0.0
1512264634371893400,,43,,1512264634,371201038,cmd,,,0.0,0.0,0.0,,0.0,0.0,0.0
1512264634472084754,,44,,1512264634,471203088,cmd,,,0.0,0.0,0.0,,0.0,0.0,0.0
1512264634571615639,,45,,1512264634,571197986,cmd,,,0.0,0.0,0.0,,0.0,0.0,0.0
1512264634671714702,,46,,1512264634,671212911,cmd,,,0.0,0.0,0.0,,0.0,0.0,0.0
1512264634772184650,,47,,1512264634,771398067,cmd,,,0.0,0.0,0.0,,0.0,0.0,0.0
1512264634871797670,,48,,1512264634,871247053,cmd,,,0.0,0.0,0.0,,0.0,0.0,0.0
1512264634971637827,,49,,1512264634,971250057,cmd,,,0.0,0.0,0.0,,0.0,0.0,0.0
1512264635072188920,,50,,1512264635,71398973,cmd,,,0.0,0.0,0.0,,0.0,0.0,0.0
1512264635171906733,,51,,1512264635,171184062,cmd,,,0.0,0.0,0.0,,0.0,0.0,0.0
1512264635272276368,,52,,1512264635,271370887,cmd,,,0.0,0.0,0.0,,0.0,0.0,0.0
1512264663562588337,,1,,1512264663,561885118,cmd,,,0.0,0.0,0.0,,0.0,0.0,0.0
1512264663563075889,,2,,1512264663,562261104,cmd,,,0.7,0.0,0.0,,0.0,0.0,0.0
1512264663663062711,,3,,1512264663,662529945,cmd,,,0.7,0.0,0.0,,0.0,0.0,0.0
1512264663763016618,,4,,1512264663,762532949,cmd,,,0.7,0.0,0.0,,0.0,0.0,0.0
1512264663863088909,,5,,1512264663,862551927,cmd,,,0.7,0.0,0.0,,0.0,0.0,0.0
1512264663963414847,,6,,1512264663,962555885,cmd,,,0.7,0.0,0.0,,0.0,0.0,0.0
1512264664063204847,,7,,1512264664,62530040,cmd,,,0.7,0.0,0.0,,0.0,0.0,0.0
1512264664163746097,,8,,1512264664,162529945,cmd,,,0.7,0.0,0.0,,0.0,0.0,0.0
1512264664263029951,,9,,1512264664,262535095,cmd,,,0.7,0.0,0.0,,0.0,0.0,0.0
1512264664363035472,,10,,1512264664,362529993,cmd,,,0.7,0.0,0.0,,0.0,0.0,0.0
1512264664463028388,,11,,1512264664,462526082,cmd,,,0.7,0.0,0.0,,0.0,0.0,0.0
1512264664563039794,,12,,1512264664,562527894,cmd,,,0.7,0.0,0.0,,0.0,0.0,0.0
1512264664663107294,,13,,1512264664,662544012,cmd,,,0.7,0.0,0.0,,0.0,0.0,0.0
1512264664763052763,,14,,1512264664,762533903,cmd,,,0.7,0.0,0.0,,0.0,0.0,0.0
1512264664862977659,,15,,1512264664,862514972,cmd,,,0.7,0.0,0.0,,0.0,0.0,0.0
1512264664963041826,,16,,1512264664,962522029,cmd,,,0.7,0.0,0.0,,0.0,0.0,0.0
1512264665063210419,,17,,1512264665,62540054,cmd,,,0.7,0.0,0.0,,0.0,0.0,0.0
1512264665163382034,,18,,1512264665,162667989,cmd,,,0.7,0.0,0.0,,0.0,0.0,0.0
1512264665263164482,,19,,1512264665,262530088,cmd,,,0.7,0.0,0.0,,0.0,0.0,0.0
1512264665363169273,,20,,1512264665,362557888,cmd,,,0.7,0.0,0.0,,0.0,0.0,0.0
1512264665463050732,,21,,1512264665,462517976,cmd,,,0.7,0.0,0.0,,0.0,0.0,0.0
1512264665563164586,,22,,1512264665,562541007,cmd,,,2.0,0.0,0.0,,0.0,0.0,0.0
1512264665663227294,,23,,1512264665,662533998,cmd,,,2.0,0.0,0.0,,0.0,0.0,0.0
1512264665762908232,,24,,1512264665,762540102,cmd,,,2.0,0.0,0.0,,0.0,0.0,0.0
1512264665863233440,,25,,1512264665,862534999,cmd,,,2.0,0.0,0.0,,0.0,0.0,0.0
1512264665963246044,,26,,1512264665,962527036,cmd,,,2.0,0.0,0.0,,0.0,0.0,0.0
1512264666063223388,,27,,1512264666,62527894,cmd,,,2.0,0.0,0.0,,0.0,0.0,0.0
1512264666163244950,,28,,1512264666,162530899,cmd,,,2.0,0.0,0.0,,0.0,0.0,0.0
1512264666263278283,,29,,1512264666,262538909,cmd,,,2.0,0.0,0.0,,0.0,0.0,0.0
1512264666363093648,,30,,1512264666,362529039,cmd,,,2.0,0.0,0.0,,0.0,0.0,0.0
1512264666463261565,,31,,1512264666,462543010,cmd,,,2.0,0.0,0.0,,0.0,0.0,0.0
1512264666563025419,,32,,1512264666,562542915,cmd,,,2.0,0.0,0.0,,0.0,0.0,0.0
1512264666663072294,,33,,1512264666,662535905,cmd,,,2.0,0.0,0.0,,0.0,0.0,0.0
1512264666763620002,,34,,1512264666,762523889,cmd,,,2.0,0.0,0.0,,0.0,0.0,0.0
1512264666863225158,,35,,1512264666,862533092,cmd,,,2.0,0.0,0.0,,0.0,0.0,0.0
1512264666963220210,,36,,1512264666,962521076,cmd,,,2.0,0.0,0.0,,0.0,0.0,0.0
1512264667063193023,,37,,1512264667,62550067,cmd,,,2.0,0.0,0.0,,0.0,0.0,0.0
1512264667163066981,,38,,1512264667,162539005,cmd,,,2.0,0.0,0.0,,0.0,0.0,0.0
1512264667262896408,,39,,1512264667,262536048,cmd,,,2.0,0.0,0.0,,0.0,0.0,0.0
1512264667362968127,,40,,1512264667,362541913,cmd,,,2.0,0.0,0.0,,0.0,0.0,0.0
1512264667463420939,,41,,1512264667,462821006,cmd,,,2.0,0.0,0.0,,0.0,0.0,0.0
1512264667562983075,,42,,1512264667,562541007,cmd,,,0.0,0.0,0.0,,0.0,0.0,0.0
1512264667662926043,,43,,1512264667,662530899,cmd,,,0.0,0.0,0.0,,0.0,0.0,0.0
1512264667763114481,,44,,1512264667,762537956,cmd,,,0.0,0.0,0.0,,0.0,0.0,0.0
1512264667863058752,,45,,1512264667,862535953,cmd,,,0.0,0.0,0.0,,0.0,0.0,0.0
1512264667963015835,,46,,1512264667,962539911,cmd,,,0.0,0.0,0.0,,0.0,0.0,0.0
1512264668063701147,,47,,1512264668,62524080,cmd,,,0.0,0.0,0.0,,0.0,0.0,0.0
1512264668163765210,,48,,1512264668,162528991,cmd,,,0.0,0.0,0.0,,0.0,0.0,0.0
1512264668263449793,,49,,1512264668,262531995,cmd,,,0.0,0.0,0.0,,0.0,0.0,0.0
1512264668363544689,,50,,1512264668,362534046,cmd,,,0.0,0.0,0.0,,0.0,0.0,0.0
1512264668467733335,,51,,1512264668,462838888,cmd,,,0.0,0.0,0.0,,0.0,0.0,0.0
1512264668564281564,,52,,1512264668,562527894,cmd,,,0.0,0.0,0.0,,0.0,0.0,0.0
1512264825040570098,,1,,1512264825,39748907,cmd,,,0.0,0.0,0.0,,0.0,0.0,0.0
1512264825040588171,,2,,1512264825,40070056,cmd,,,0.7,0.0,0.0,,0.0,0.0,1.0
1512264825140866869,,3,,1512264825,140327930,cmd,,,0.7,0.0,0.0,,0.0,0.0,1.0
1512264825241409733,,4,,1512264825,240340948,cmd,,,0.7,0.0,0.0,,0.0,0.0,1.0
1512264825340817077,,5,,1512264825,340342044,cmd,,,0.7,0.0,0.0,,0.0,0.0,1.0
1512264825440931556,,6,,1512264825,440433025,cmd,,,0.7,0.0,0.0,,0.0,0.0,1.0
1512264825540734421,,7,,1512264825,540335893,cmd,,,0.7,0.0,0.0,,0.0,0.0,1.0
1512264825641288535,,8,,1512264825,640383958,cmd,,,0.7,0.0,0.0,,0.0,0.0,1.0
1512264825741054160,,9,,1512264825,740370988,cmd,,,0.7,0.0,0.0,,0.0,0.0,1.0
1512264825843686035,,10,,1512264825,840342044,cmd,,,0.7,0.0,0.0,,0.0,0.0,1.0
1512264825940833691,,11,,1512264825,940337896,cmd,,,0.7,0.0,0.0,,0.0,0.0,1.0
1512264826040913014,,12,,1512264826,40338039,cmd,,,0.7,0.0,0.0,,0.0,0.0,1.0
1512264826140985566,,13,,1512264826,140341043,cmd,,,0.7,0.0,0.0,,0.0,0.0,1.0
1512264826240887910,,14,,1512264826,240336894,cmd,,,0.7,0.0,0.0,,0.0,0.0,1.0
1512264826340851243,,15,,1512264826,340329885,cmd,,,0.7,0.0,0.0,,0.0,0.0,1.0
1512264826440866764,,16,,1512264826,440346002,cmd,,,0.7,0.0,0.0,,0.0,0.0,1.0
1512264826540963222,,17,,1512264826,540339946,cmd,,,2.0,0.0,0.0,,0.0,0.0,-1.0
1512264826641066920,,18,,1512264826,640337944,cmd,,,2.0,0.0,0.0,,0.0,0.0,-1.0
1512264826741011608,,19,,1512264826,740341901,cmd,,,2.0,0.0,0.0,,0.0,0.0,-1.0
1512264826840850149,,20,,1512264826,840343952,cmd,,,2.0,0.0,0.0,,0.0,0.0,-1.0
1512264826940827910,,21,,1512264826,940339088,cmd,,,2.0,0.0,0.0,,0.0,0.0,-1.0
1512264827041553222,,22,,1512264827,40441989,cmd,,,2.0,0.0,0.0,,0.0,0.0,-1.0
1512264827141485878,,23,,1512264827,140454053,cmd,,,2.0,0.0,0.0,,0.0,0.0,-1.0
1512264827240916451,,24,,1512264827,240329027,cmd,,,2.0,0.0,0.0,,0.0,0.0,-1.0
1512264827340991764,,25,,1512264827,340339899,cmd,,,2.0,0.0,0.0,,0.0,0.0,-1.0
1512264827441843326,,26,,1512264827,440330028,cmd,,,2.0,0.0,0.0,,0.0,0.0,-1.0
1512264827541358118,,27,,1512264827,540355920,cmd,,,2.0,0.0,0.0,,0.0,0.0,-1.0
1512264827640890930,,28,,1512264827,640358924,cmd,,,2.0,0.0,0.0,,0.0,0.0,-1.0
1512264827741470357,,29,,1512264827,740341901,cmd,,,2.0,0.0,0.0,,0.0,0.0,-1.0
1512264827841286972,,30,,1512264827,840351104,cmd,,,2.0,0.0,0.0,,0.0,0.0,-1.0
1512264827941329472,,31,,1512264827,940334081,cmd,,,2.0,0.0,0.0,,0.0,0.0,-1.0
1512264828041341711,,32,,1512264828,40435075,cmd,,,0.0,0.0,0.0,,0.0,0.0,0.0
1512264828140968534,,33,,1512264828,140440940,cmd,,,0.0,0.0,0.0,,0.0,0.0,0.0
1512264828241789211,,34,,1512264828,240341901,cmd,,,0.0,0.0,0.0,,0.0,0.0,0.0
1512264828340955513,,35,,1512264828,340468883,cmd,,,0.0,0.0,0.0,,0.0,0.0,0.0
1512264828441140722,,36,,1512264828,440473079,cmd,,,0.0,0.0,0.0,,0.0,0.0,0.0
1512264828540768482,,37,,1512264828,540330886,cmd,,,0.0,0.0,0.0,,0.0,0.0,0.0
1512264828641199888,,38,,1512264828,640465974,cmd,,,0.0,0.0,0.0,,0.0,0.0,0.0
1512264828743384211,,39,,1512264828,740326881,cmd,,,0.0,0.0,0.0,,0.0,0.0,0.0
1512264828840938794,,40,,1512264828,840341091,cmd,,,0.0,0.0,0.0,,0.0,0.0,0.0
1512264828941183742,,41,,1512264828,940365076,cmd,,,0.0,0.0,0.0,,0.0,0.0,0.0
1512264829041091919,,42,,1512264829,40460109,cmd,,,0.0,0.0,0.0,,0.0,0.0,0.0
1512264878082238151,,1,,1512264878,81559896,cmd,,,0.0,0.0,0.0,,0.0,0.0,0.0
1512264878082541588,,2,,1512264878,81950902,cmd,,,0.7,0.0,0.0,,0.0,0.0,1.0
1512264878182770338,,3,,1512264878,182262897,cmd,,,0.7,0.0,0.0,,0.0,0.0,1.0
1512264878282702630,,4,,1512264878,282191991,cmd,,,0.7,0.0,0.0,,0.0,0.0,1.0
1512264878382734921,,5,,1512264878,382211923,cmd,,,0.7,0.0,0.0,,0.0,0.0,1.0
1512264878482804140,,6,,1512264878,482219934,cmd,,,0.7,0.0,0.0,,0.0,0.0,1.0
1512264878582762994,,7,,1512264878,582222938,cmd,,,0.7,0.0,0.0,,0.0,0.0,1.0
1512264878682905025,,8,,1512264878,682209968,cmd,,,0.7,0.0,0.0,,0.0,0.0,1.0
1512264878782748827,,9,,1512264878,782207012,cmd,,,0.7,0.0,0.0,,0.0,0.0,1.0
1512264878882665806,,10,,1512264878,882189989,cmd,,,0.7,0.0,0.0,,0.0,0.0,1.0
1512264878982761692,,11,,1512264878,982199907,cmd,,,0.7,0.0,0.0,,0.0,0.0,1.0
1512264879082817890,,12,,1512264879,82268953,cmd,,,0.7,0.0,0.0,,0.0,0.0,1.0
1512264879182760754,,13,,1512264879,182270050,cmd,,,0.7,0.0,0.0,,0.0,0.0,1.0
1512264879282832160,,14,,1512264879,282330036,cmd,,,0.7,0.0,0.0,,0.0,0.0,1.0
1512264879382738879,,15,,1512264879,382220029,cmd,,,0.7,0.0,0.0,,0.0,0.0,1.0
1512264879482936535,,16,,1512264879,482193946,cmd,,,0.7,0.0,0.0,,0.0,0.0,1.0
1512264879582702265,,17,,1512264879,582187891,cmd,,,2.0,0.0,0.0,,0.0,0.0,-1.0
1512264879682791223,,18,,1512264879,682234048,cmd,,,2.0,0.0,0.0,,0.0,0.0,-1.0
1512264879782724712,,19,,1512264879,782191991,cmd,,,2.0,0.0,0.0,,0.0,0.0,-1.0
1512264879882756014,,20,,1512264879,882225990,cmd,,,2.0,0.0,0.0,,0.0,0.0,-1.0
1512264879982771483,,21,,1512264879,982244968,cmd,,,2.0,0.0,0.0,,0.0,0.0,-1.0
1512264880082780389,,22,,1512264880,82197904,cmd,,,2.0,0.0,0.0,,0.0,0.0,-1.0
1512264880182764973,,23,,1512264880,182204008,cmd,,,2.0,0.0,0.0,,0.0,0.0,-1.0
1512264880282723306,,24,,1512264880,282211065,cmd,,,2.0,0.0,0.0,,0.0,0.0,-1.0
1512264880382728202,,25,,1512264880,382205009,cmd,,,2.0,0.0,0.0,,0.0,0.0,-1.0
1512264880482728618,,26,,1512264880,482211112,cmd,,,2.0,0.0,0.0,,0.0,0.0,-1.0
1512264880582755337,,27,,1512264880,582200050,cmd,,,2.0,0.0,0.0,,0.0,0.0,-1.0
1512264880682621900,,28,,1512264880,682205915,cmd,,,2.0,0.0,0.0,,0.0,0.0,-1.0
1512264880782763983,,29,,1512264880,782224893,cmd,,,2.0,0.0,0.0,,0.0,0.0,-1.0
1512264880882735858,,30,,1512264880,882214069,cmd,,,2.0,0.0,0.0,,0.0,0.0,-1.0
1512264880982757733,,31,,1512264880,982287883,cmd,,,2.0,0.0,0.0,,0.0,0.0,-1.0
1512264881082864868,,32,,1512264881,82350969,cmd,,,0.0,0.0,0.0,,0.0,0.0,0.0
1512264881182609816,,33,,1512264881,182184934,cmd,,,0.0,0.0,0.0,,0.0,0.0,0.0
1512264881283169556,,34,,1512264881,282265901,cmd,,,0.0,0.0,0.0,,0.0,0.0,0.0
1512264881382773670,,35,,1512264881,382221937,cmd,,,0.0,0.0,0.0,,0.0,0.0,0.0
1512264881482831378,,36,,1512264881,482312917,cmd,,,0.0,0.0,0.0,,0.0,0.0,0.0
1512264881582732472,,37,,1512264881,582182884,cmd,,,0.0,0.0,0.0,,0.0,0.0,0.0
1512264881682736118,,38,,1512264881,682198047,cmd,,,0.0,0.0,0.0,,0.0,0.0,0.0
1512264881782929503,,39,,1512264881,782183885,cmd,,,0.0,0.0,0.0,,0.0,0.0,0.0
1512264881882712264,,40,,1512264881,882186889,cmd,,,0.0,0.0,0.0,,0.0,0.0,0.0
1512264881982880701,,41,,1512264881,982286930,cmd,,,0.0,0.0,0.0,,0.0,0.0,0.0
1512264882083091014,,42,,1512264882,82360029,cmd,,,0.0,0.0,0.0,,0.0,0.0,0.0
1512264911187834232,,1,,1512264911,186939001,cmd,,,0.0,0.0,0.0,,0.0,0.0,0.0
1512264911187856471,,2,,1512264911,187346935,cmd,,,0.7,0.0,0.0,,0.0,0.0,1.0
1512264911288580690,,3,,1512264911,287590026,cmd,,,0.7,0.0,0.0,,0.0,0.0,1.0
1512264911388462513,,4,,1512264911,387578964,cmd,,,0.7,0.0,0.0,,0.0,0.0,1.0
1512264911488110325,,5,,1512264911,487585067,cmd,,,0.7,0.0,0.0,,0.0,0.0,1.0
1512264911588286627,,6,,1512264911,587583065,cmd,,,0.7,0.0,0.0,,0.0,0.0,1.0
1512264911688201523,,7,,1512264911,687726020,cmd,,,0.7,0.0,0.0,,0.0,0.0,1.0
1512264911788345533,,8,,1512264911,787565946,cmd,,,0.7,0.0,0.0,,0.0,0.0,1.0
1512264911888185065,,9,,1512264911,887713909,cmd,,,0.7,0.0,0.0,,0.0,0.0,1.0
1512264911988086731,,10,,1512264911,987581014,cmd,,,0.7,0.0,0.0,,0.0,0.0,1.0
1512264912088169127,,11,,1512264912,87630987,cmd,,,0.7,0.0,0.0,,0.0,0.0,1.0
1512264912188070898,,12,,1512264912,187578916,cmd,,,0.7,0.0,0.0,,0.0,0.0,1.0
1512264912288045637,,13,,1512264912,287559032,cmd,,,0.7,0.0,0.0,,0.0,0.0,1.0
1512264912388015481,,14,,1512264912,387592077,cmd,,,0.7,0.0,0.0,,0.0,0.0,1.0
1512264912488206783,,15,,1512264912,487667083,cmd,,,0.7,0.0,0.0,,0.0,0.0,1.0
1512264912588079752,,16,,1512264912,587573051,cmd,,,0.7,0.0,0.0,,0.0,0.0,1.0
1512264912688434700,,17,,1512264912,687613010,cmd,,,2.0,0.0,0.0,,0.0,0.0,-1.0
1512264912788429804,,18,,1512264912,787739992,cmd,,,2.0,0.0,0.0,,0.0,0.0,-1.0
1512264912888485012,,19,,1512264912,887775897,cmd,,,2.0,0.0,0.0,,0.0,0.0,-1.0
1512264912992150116,,20,,1512264912,991671085,cmd,,,2.0,0.0,0.0,,0.0,0.0,-1.0
1512264913088187721,,21,,1512264913,87569952,cmd,,,2.0,0.0,0.0,,0.0,0.0,-1.0
1512264913188379387,,22,,1512264913,187716007,cmd,,,2.0,0.0,0.0,,0.0,0.0,-1.0
1512264913288517252,,23,,1512264913,287758111,cmd,,,2.0,0.0,0.0,,0.0,0.0,-1.0
1512264913388204439,,24,,1512264913,387648105,cmd,,,2.0,0.0,0.0,,0.0,0.0,-1.0
1512264913488365585,,25,,1512264913,487750053,cmd,,,2.0,0.0,0.0,,0.0,0.0,-1.0
1512264913588084491,,26,,1512264913,587568998,cmd,,,2.0,0.0,0.0,,0.0,0.0,-1.0
1512264913688131522,,27,,1512264913,687639951,cmd,,,2.0,0.0,0.0,,0.0,0.0,-1.0
1512264913788150429,,28,,1512264913,787569046,cmd,,,2.0,0.0,0.0,,0.0,0.0,-1.0
1512264913888234126,,29,,1512264913,887723922,cmd,,,2.0,0.0,0.0,,0.0,0.0,-1.0
1512264913988019751,,30,,1512264913,987571954,cmd,,,2.0,0.0,0.0,,0.0,0.0,-1.0
1512264914088043397,,31,,1512264914,87694883,cmd,,,2.0,0.0,0.0,,0.0,0.0,-1.0
1512264914188747772,,32,,1512264914,187700033,cmd,,,0.0,0.0,0.0,,0.0,0.0,0.0
1512264914288761678,,33,,1512264914,288098096,cmd,,,0.0,0.0,0.0,,0.0,0.0,0.0
1512264914388019178,,34,,1512264914,387568950,cmd,,,0.0,0.0,0.0,,0.0,0.0,0.0
1512264914488078970,,35,,1512264914,487592935,cmd,,,0.0,0.0,0.0,,0.0,0.0,0.0
1512264914588446782,,36,,1512264914,587779045,cmd,,,0.0,0.0,0.0,,0.0,0.0,0.0
1512264914688152980,,37,,1512264914,687594890,cmd,,,0.0,0.0,0.0,,0.0,0.0,0.0
1512264914788037980,,38,,1512264914,787576913,cmd,,,0.0,0.0,0.0,,0.0,0.0,0.0
1512264914888261209,,39,,1512264914,887639045,cmd,,,0.0,0.0,0.0,,0.0,0.0,0.0
1512264914988121418,,40,,1512264914,987584114,cmd,,,0.0,0.0,0.0,,0.0,0.0,0.0
1512264915088032355,,41,,1512264915,87570905,cmd,,,0.0,0.0,0.0,,0.0,0.0,0.0
1512264915188512407,,42,,1512264915,187740087,cmd,,,0.0,0.0,0.0,,0.0,0.0,0.0
1512264970389965199,,1,,1512264970,388916015,cmd,,,0.0,0.0,0.0,,0.0,0.0,0.0
1512264970390142334,,2,,1512264970,389241933,cmd,,,0.7,0.0,0.0,,0.0,0.0,-1.0
1512264970490393011,,3,,1512264970,489624023,cmd,,,0.7,0.0,0.0,,0.0,0.0,-1.0
1512264970590064105,,4,,1512264970,589508056,cmd,,,0.7,0.0,0.0,,0.0,0.0,-1.0
1512264970690035042,,5,,1512264970,689523935,cmd,,,0.7,0.0,0.0,,0.0,0.0,-1.0
1512264970789967386,,6,,1512264970,789540052,cmd,,,0.7,0.0,0.0,,0.0,0.0,-1.0
1512264970889970771,,7,,1512264970,889519929,cmd,,,0.7,0.0,0.0,,0.0,0.0,-1.0
1512264970989954313,,8,,1512264970,989505052,cmd,,,0.7,0.0,0.0,,0.0,0.0,-1.0
1512264971090356084,,9,,1512264971,89632034,cmd,,,0.7,0.0,0.0,,0.0,0.0,-1.0
1512264971190119730,,10,,1512264971,189631938,cmd,,,0.7,0.0,0.0,,0.0,0.0,-1.0
1512264971290061292,,11,,1512264971,289634943,cmd,,,0.7,0.0,0.0,,0.0,0.0,-1.0
1512264971390002230,,12,,1512264971,389575958,cmd,,,0.7,0.0,0.0,,0.0,0.0,-1.0
1512264971490090042,,13,,1512264971,489562988,cmd,,,0.7,0.0,0.0,,0.0,0.0,-1.0
1512264971590050979,,14,,1512264971,589636087,cmd,,,0.7,0.0,0.0,,0.0,0.0,-1.0
1512264971690202802,,15,,1512264971,689690113,cmd,,,0.7,0.0,0.0,,0.0,0.0,-1.0
1512264971789989677,,16,,1512264971,789524078,cmd,,,0.7,0.0,0.0,,0.0,0.0,-1.0
1512264971890155563,,17,,1512264971,889630079,cmd,,,2.0,0.0,0.0,,0.0,0.0,1.0
1512264971990490511,,18,,1512264971,989681005,cmd,,,2.0,0.0,0.0,,0.0,0.0,1.0
1512264972089869885,,19,,1512264972,89518070,cmd,,,2.0,0.0,0.0,,0.0,0.0,1.0
1512264972189970458,,20,,1512264972,189532995,cmd,,,2.0,0.0,0.0,,0.0,0.0,1.0
1512264972290179833,,21,,1512264972,289691925,cmd,,,2.0,0.0,0.0,,0.0,0.0,1.0
1512264972390032750,,22,,1512264972,389516115,cmd,,,2.0,0.0,0.0,,0.0,0.0,1.0
1512264972490092125,,23,,1512264972,489528894,cmd,,,2.0,0.0,0.0,,0.0,0.0,1.0
1512264972590037802,,24,,1512264972,589519023,cmd,,,2.0,0.0,0.0,,0.0,0.0,1.0
1512264972690442906,,25,,1512264972,689522027,cmd,,,2.0,0.0,0.0,,0.0,0.0,1.0
1512264972790308479,,26,,1512264972,789560079,cmd,,,2.0,0.0,0.0,,0.0,0.0,1.0
1512264972890358062,,27,,1512264972,889508008,cmd,,,2.0,0.0,0.0,,0.0,0.0,1.0
1512264972989893166,,28,,1512264972,989522933,cmd,,,2.0,0.0,0.0,,0.0,0.0,1.0
1512264973090418843,,29,,1512264973,89528083,cmd,,,2.0,0.0,0.0,,0.0,0.0,1.0
1512264973191804781,,30,,1512264973,189517021,cmd,,,2.0,0.0,0.0,,0.0,0.0,1.0
1512264973290606968,,31,,1512264973,289505004,cmd,,,2.0,0.0,0.0,,0.0,0.0,1.0
1512264973390324208,,32,,1512264973,389532089,cmd,,,0.0,0.0,0.0,,0.0,0.0,0.0
1512264973490358791,,33,,1512264973,489516019,cmd,,,0.0,0.0,0.0,,0.0,0.0,0.0
1512264973590427437,,34,,1512264973,589514970,cmd,,,0.0,0.0,0.0,,0.0,0.0,0.0
1512264973690161656,,35,,1512264973,689661026,cmd,,,0.0,0.0,0.0,,0.0,0.0,0.0
1512264973790099572,,36,,1512264973,789529085,cmd,,,0.0,0.0,0.0,,0.0,0.0,0.0
1512264973890230406,,37,,1512264973,889703989,cmd,,,0.0,0.0,0.0,,0.0,0.0,0.0
1512264973990126343,,38,,1512264973,989630937,cmd,,,0.0,0.0,0.0,,0.0,0.0,0.0
1512264974090153426,,39,,1512264974,89649915,cmd,,,0.0,0.0,0.0,,0.0,0.0,0.0
1512264974190009103,,40,,1512264974,189512014,cmd,,,0.0,0.0,0.0,,0.0,0.0,0.0
1512264974290207176,,41,,1512264974,289654970,cmd,,,0.0,0.0,0.0,,0.0,0.0,0.0
1512264974390231135,,42,,1512264974,389530897,cmd,,,0.0,0.0,0.0,,0.0,0.0,0.0
1512265003677938884,,1,,1512265003,677069902,cmd,,,0.0,0.0,0.0,,0.0,0.0,0.0
1512265003677958311,,2,,1512265003,677392005,cmd,,,0.7,0.0,0.0,,0.0,0.0,-1.0
1512265003778328467,,3,,1512265003,777793884,cmd,,,0.7,0.0,0.0,,0.0,0.0,-1.0
1512265003880373780,,4,,1512265003,879626989,cmd,,,0.7,0.0,0.0,,0.0,0.0,-1.0
1512265003980454873,,5,,1512265003,979629993,cmd,,,0.7,0.0,0.0,,0.0,0.0,-1.0
1512265004080132165,,6,,1512265004,79607963,cmd,,,0.7,0.0,0.0,,0.0,0.0,-1.0
1512265004180271644,,7,,1512265004,179625034,cmd,,,0.7,0.0,0.0,,0.0,0.0,-1.0
1512265004280069561,,8,,1512265004,279522895,cmd,,,0.7,0.0,0.0,,0.0,0.0,-1.0
1512265004380371019,,9,,1512265004,379545927,cmd,,,0.7,0.0,0.0,,0.0,0.0,-1.0
1512265004480392269,,10,,1512265004,479607105,cmd,,,0.7,0.0,0.0,,0.0,0.0,-1.0
1512265004580046852,,11,,1512265004,579530954,cmd,,,0.7,0.0,0.0,,0.0,0.0,-1.0
1512265004680125758,,12,,1512265004,679537057,cmd,,,0.7,0.0,0.0,,0.0,0.0,-1.0
1512265004780083206,,13,,1512265004,779577016,cmd,,,0.7,0.0,0.0,,0.0,0.0,-1.0
1512265004880105550,,14,,1512265004,879537105,cmd,,,0.7,0.0,0.0,,0.0,0.0,-1.0
1512265004980015550,,15,,1512265004,979532957,cmd,,,0.7,0.0,0.0,,0.0,0.0,-1.0
1512265005080202060,,16,,1512265005,79545974,cmd,,,0.7,0.0,0.0,,0.0,0.0,-1.0
1512265005179883206,,17,,1512265005,179548978,cmd,,,2.0,0.0,0.0,,0.0,0.0,1.0
1512265005280147165,,18,,1512265005,279532909,cmd,,,2.0,0.0,0.0,,0.0,0.0,1.0
1512265005380346279,,19,,1512265005,379547119,cmd,,,2.0,0.0,0.0,,0.0,0.0,1.0
1512265005480148362,,20,,1512265005,479546070,cmd,,,2.0,0.0,0.0,,0.0,0.0,1.0
1512265005580134091,,21,,1512265005,579561948,cmd,,,2.0,0.0,0.0,,0.0,0.0,1.0
1512265005680233362,,22,,1512265005,679538011,cmd,,,2.0,0.0,0.0,,0.0,0.0,1.0
1512265005780071748,,23,,1512265005,779534101,cmd,,,2.0,0.0,0.0,,0.0,0.0,1.0
1512265005880028571,,24,,1512265005,879523038,cmd,,,2.0,0.0,0.0,,0.0,0.0,1.0
1512265005980261800,,25,,1512265005,979533910,cmd,,,2.0,0.0,0.0,,0.0,0.0,1.0
1512265006080240237,,26,,1512265006,79531908,cmd,,,2.0,0.0,0.0,,0.0,0.0,1.0
1512265006180000602,,27,,1512265006,179527044,cmd,,,2.0,0.0,0.0,,0.0,0.0,1.0
1512265006280242633,,28,,1512265006,279536008,cmd,,,2.0,0.0,0.0,,0.0,0.0,1.0
1512265006380340549,,29,,1512265006,379527091,cmd,,,2.0,0.0,0.0,,0.0,0.0,1.0
1512265006480312529,,30,,1512265006,479523897,cmd,,,2.0,0.0,0.0,,0.0,0.0,1.0
1512265006580407945,,31,,1512265006,579566001,cmd,,,2.0,0.0,0.0,,0.0,0.0,1.0
1512265006680356643,,32,,1512265006,679533958,cmd,,,0.0,0.0,0.0,,0.0,0.0,0.0
1512265006780394924,,33,,1512265006,779583930,cmd,,,0.0,0.0,0.0,,0.0,0.0,0.0
1512265006878191539,,34,,1512265006,877667903,cmd,,,0.0,0.0,0.0,,0.0,0.0,0.0
1512265006978476956,,35,,1512265006,977806091,cmd,,,0.0,0.0,0.0,,0.0,0.0,0.0
1512265007078284716,,36,,1512265007,77683925,cmd,,,0.0,0.0,0.0,,0.0,0.0,0.0
1512265007178412164,,37,,1512265007,177670955,cmd,,,0.0,0.0,0.0,,0.0,0.0,0.0
1512265007278491226,,38,,1512265007,277843952,cmd,,,0.0,0.0,0.0,,0.0,0.0,0.0
1512265007378216174,,39,,1512265007,377687931,cmd,,,0.0,0.0,0.0,,0.0,0.0,0.0
1512265007478260445,,40,,1512265007,477688074,cmd,,,0.0,0.0,0.0,,0.0,0.0,0.0
1512265007578157945,,41,,1512265007,577675104,cmd,,,0.0,0.0,0.0,,0.0,0.0,0.0
1512265007678419247,,42,,1512265007,677670955,cmd,,,0.0,0.0,0.0,,0.0,0.0,0.0
1512265059088548654,,1,,1512265059,87306022,cmd,,,0.0,0.0,0.0,,0.0,0.0,0.0
1512265059088570113,,2,,1512265059,87661027,cmd,,,2.0,0.0,0.0,,0.0,0.0,-1.0
1512265059188256467,,3,,1512265059,187927007,cmd,,,2.0,0.0,0.0,,0.0,0.0,-1.0
1512265059288773967,,4,,1512265059,287925004,cmd,,,2.0,0.0,0.0,,0.0,0.0,-1.0
1512265059388780008,,5,,1512265059,388062953,cmd,,,2.0,0.0,0.0,,0.0,0.0,-1.0
1512265059488696883,,6,,1512265059,487921953,cmd,,,2.0,0.0,0.0,,0.0,0.0,-1.0
1512265059588909175,,7,,1512265059,588072061,cmd,,,2.0,0.0,0.0,,0.0,0.0,-1.0
1512265059688880946,,8,,1512265059,688056945,cmd,,,2.0,0.0,0.0,,0.0,0.0,-1.0
1512265059789063342,,9,,1512265059,788062095,cmd,,,2.0,0.0,0.0,,0.0,0.0,-1.0
1512265059888523654,,10,,1512265059,887934923,cmd,,,2.0,0.0,0.0,,0.0,0.0,-1.0
1512265059988499435,,11,,1512265059,987962007,cmd,,,2.0,0.0,0.0,,0.0,0.0,-1.0
1512265060088535946,,12,,1512265060,87965011,cmd,,,2.0,0.0,0.0,,0.0,0.0,-1.0
1512265060188414748,,13,,1512265060,187937021,cmd,,,2.0,0.0,0.0,,0.0,0.0,-1.0
1512265060288595529,,14,,1512265060,288080930,cmd,,,2.0,0.0,0.0,,0.0,0.0,-1.0
1512265060388525477,,15,,1512265060,388067007,cmd,,,2.0,0.0,0.0,,0.0,0.0,-1.0
1512265060488525737,,16,,1512265060,488065958,cmd,,,2.0,0.0,0.0,,0.0,0.0,-1.0
1512265060588486466,,17,,1512265060,587954044,cmd,,,0.7,0.0,0.0,,0.0,0.0,1.0
1512265060688621258,,18,,1512265060,688060045,cmd,,,0.7,0.0,0.0,,0.0,0.0,1.0
1512265060788562247,,19,,1512265060,788080930,cmd,,,0.7,0.0,0.0,,0.0,0.0,1.0
1512265060888923914,,20,,1512265060,888252019,cmd,,,0.7,0.0,0.0,,0.0,0.0,1.0
1512265060988521727,,21,,1512265060,987900018,cmd,,,0.7,0.0,0.0,,0.0,0.0,1.0
1512265061088531414,,22,,1512265061,88082075,cmd,,,0.7,0.0,0.0,,0.0,0.0,1.0
1512265061188542247,,23,,1512265061,188041925,cmd,,,0.7,0.0,0.0,,0.0,0.0,1.0
1512265061288763862,,24,,1512265061,288105010,cmd,,,0.7,0.0,0.0,,0.0,0.0,1.0
1512265061388575372,,25,,1512265061,388060092,cmd,,,0.7,0.0,0.0,,0.0,0.0,1.0
1512265061488564122,,26,,1512265061,488058090,cmd,,,0.7,0.0,0.0,,0.0,0.0,1.0
1512265061588791101,,27,,1512265061,587924003,cmd,,,0.7,0.0,0.0,,0.0,0.0,1.0
1512265061689095685,,28,,1512265061,688062906,cmd,,,0.7,0.0,0.0,,0.0,0.0,1.0
1512265061788334695,,29,,1512265061,787911891,cmd,,,0.7,0.0,0.0,,0.0,0.0,1.0
1512265061889000112,,30,,1512265061,888065099,cmd,,,0.7,0.0,0.0,,0.0,0.0,1.0
1512265061988831414,,31,,1512265061,987906932,cmd,,,0.7,0.0,0.0,,0.0,0.0,1.0
1512265062088312299,,32,,1512265062,87938070,cmd,,,0.0,0.0,0.0,,0.0,0.0,0.0
1512265062188471101,,33,,1512265062,187994956,cmd,,,0.0,0.0,0.0,,0.0,0.0,0.0
1512265062288518549,,34,,1512265062,287966012,cmd,,,0.0,0.0,0.0,,0.0,0.0,0.0
1512265062388469955,,35,,1512265062,388072967,cmd,,,0.0,0.0,0.0,,0.0,0.0,0.0
1512265062488726986,,36,,1512265062,487952947,cmd,,,0.0,0.0,0.0,,0.0,0.0,0.0
1512265062588794174,,37,,1512265062,587968111,cmd,,,0.0,0.0,0.0,,0.0,0.0,0.0
1512265062688748393,,38,,1512265062,687988996,cmd,,,0.0,0.0,0.0,,0.0,0.0,0.0
1512265062788885528,,39,,1512265062,787929058,cmd,,,0.0,0.0,0.0,,0.0,0.0,0.0
1512265062888852976,,40,,1512265062,887938976,cmd,,,0.0,0.0,0.0,,0.0,0.0,0.0
1512265062988782976,,41,,1512265062,987936019,cmd,,,0.0,0.0,0.0,,0.0,0.0,0.0
1512265063088674226,,42,,1512265063,87935924,cmd,,,0.0,0.0,0.0,,0.0,0.0,0.0
1512265099063136504,,1,,1512265099,61844110,cmd,,,0.0,0.0,0.0,,0.0,0.0,0.0
1512265099066837441,,2,,1512265099,62189102,cmd,,,2.0,0.0,0.0,,0.0,0.0,-1.0
1512265099163246868,,3,,1512265099,162451028,cmd,,,2.0,0.0,0.0,,0.0,0.0,-1.0
1512265099263323847,,4,,1512265099,262458086,cmd,,,2.0,0.0,0.0,,0.0,0.0,-1.0
1512265099362942024,,5,,1512265099,362461090,cmd,,,2.0,0.0,0.0,,0.0,0.0,-1.0
1512265099463171764,,6,,1512265099,462482929,cmd,,,2.0,0.0,0.0,,0.0,0.0,-1.0
1512265099563043379,,7,,1512265099,562465906,cmd,,,2.0,0.0,0.0,,0.0,0.0,-1.0
1512265099662902128,,8,,1512265099,662467956,cmd,,,2.0,0.0,0.0,,0.0,0.0,-1.0
1512265099762981295,,9,,1512265099,762466907,cmd,,,2.0,0.0,0.0,,0.0,0.0,-1.0
1512265099862921816,,10,,1512265099,862462997,cmd,,,2.0,0.0,0.0,,0.0,0.0,-1.0
1512265099963223847,,11,,1512265099,962454080,cmd,,,2.0,0.0,0.0,,0.0,0.0,-1.0
1512265100062937441,,12,,1512265100,62469005,cmd,,,2.0,0.0,0.0,,0.0,0.0,-1.0
1512265100163581347,,13,,1512265100,162457942,cmd,,,2.0,0.0,0.0,,0.0,0.0,-1.0
1512265100263073014,,14,,1512265100,262465000,cmd,,,2.0,0.0,0.0,,0.0,0.0,-1.0
1512265100363061920,,15,,1512265100,362473964,cmd,,,2.0,0.0,0.0,,0.0,0.0,-1.0
1512265100462997649,,16,,1512265100,462454080,cmd,,,2.0,0.0,0.0,,0.0,0.0,-1.0
1512265100562942441,,17,,1512265100,562464952,cmd,,,0.7,0.0,0.0,,0.0,0.0,1.0
1512265100663075253,,18,,1512265100,662461996,cmd,,,0.7,0.0,0.0,,0.0,0.0,1.0
1512265100762956034,,19,,1512265100,762470960,cmd,,,0.7,0.0,0.0,,0.0,0.0,1.0
1512265100863134420,,20,,1512265100,862590074,cmd,,,0.7,0.0,0.0,,0.0,0.0,1.0
1512265100963033847,,21,,1512265100,962583065,cmd,,,0.7,0.0,0.0,,0.0,0.0,1.0
1512265101063007961,,22,,1512265101,62453985,cmd,,,0.7,0.0,0.0,,0.0,0.0,1.0
1512265101163046138,,23,,1512265101,162602901,cmd,,,0.7,0.0,0.0,,0.0,0.0,1.0
1512265101263044888,,24,,1512265101,262588977,cmd,,,0.7,0.0,0.0,,0.0,0.0,1.0
1512265101363004055,,25,,1512265101,362488031,cmd,,,0.7,0.0,0.0,,0.0,0.0,1.0
1512265101462928534,,26,,1512265101,462451934,cmd,,,0.7,0.0,0.0,,0.0,0.0,1.0
1512265101563469159,,27,,1512265101,562591075,cmd,,,0.7,0.0,0.0,,0.0,0.0,1.0
1512265101663261346,,28,,1512265101,662600994,cmd,,,0.7,0.0,0.0,,0.0,0.0,1.0
1512265101763269159,,29,,1512265101,762589931,cmd,,,0.7,0.0,0.0,,0.0,0.0,1.0
1512265101863140409,,30,,1512265101,862453937,cmd,,,0.7,0.0,0.0,,0.0,0.0,1.0
1512265101963002336,,31,,1512265101,962528944,cmd,,,0.7,0.0,0.0,,0.0,0.0,1.0
1512265102063241398,,32,,1512265102,62580108,cmd,,,0.0,0.0,0.0,,0.0,0.0,0.0
1512265102163075930,,33,,1512265102,162600994,cmd,,,0.0,0.0,0.0,,0.0,0.0,0.0
1512265102263374159,,34,,1512265102,262588024,cmd,,,0.0,0.0,0.0,,0.0,0.0,0.0
1512265102364155513,,35,,1512265102,363660097,cmd,,,0.0,0.0,0.0,,0.0,0.0,0.0
1512265102463072284,,36,,1512265102,462574958,cmd,,,0.0,0.0,0.0,,0.0,0.0,0.0
1512265102562992440,,37,,1512265102,562510967,cmd,,,0.0,0.0,0.0,,0.0,0.0,0.0
1512265102662947075,,38,,1512265102,662484884,cmd,,,0.0,0.0,0.0,,0.0,0.0,0.0
1512265102763082127,,39,,1512265102,762626886,cmd,,,0.0,0.0,0.0,,0.0,0.0,0.0
1512265102863346659,,40,,1512265102,862587928,cmd,,,0.0,0.0,0.0,,0.0,0.0,0.0
1512265102963324419,,41,,1512265102,962572097,cmd,,,0.0,0.0,0.0,,0.0,0.0,0.0
1512265103063224940,,42,,1512265103,62509059,cmd,,,0.0,0.0,0.0,,0.0,0.0,0.0
1512265148543132162,,1,,1512265148,542375087,cmd,,,0.0,0.0,0.0,,0.0,0.0,0.0
1512265148543302579,,2,,1512265148,542711973,cmd,,,2.0,0.0,0.0,,0.0,0.0,-1.0
1512265148643565808,,3,,1512265148,643032073,cmd,,,2.0,0.0,0.0,,0.0,0.0,-1.0
1512265148743627370,,4,,1512265148,743160963,cmd,,,2.0,0.0,0.0,,0.0,0.0,-1.0
1512265148843670703,,5,,1512265148,843168973,cmd,,,2.0,0.0,0.0,,0.0,0.0,-1.0
1512265148943730651,,6,,1512265148,943146944,cmd,,,2.0,0.0,0.0,,0.0,0.0,-1.0
1512265149043574505,,7,,1512265149,42989015,cmd,,,2.0,0.0,0.0,,0.0,0.0,-1.0
1512265149143633516,,8,,1512265149,143132925,cmd,,,2.0,0.0,0.0,,0.0,0.0,-1.0
1512265149244022057,,9,,1512265149,243155002,cmd,,,2.0,0.0,0.0,,0.0,0.0,-1.0
1512265149343592266,,10,,1512265149,342983007,cmd,,,2.0,0.0,0.0,,0.0,0.0,-1.0
1512265149443597630,,11,,1512265149,442981958,cmd,,,2.0,0.0,0.0,,0.0,0.0,-1.0
1512265149543521172,,12,,1512265149,543019056,cmd,,,2.0,0.0,0.0,,0.0,0.0,-1.0
1512265149643683151,,13,,1512265149,643006086,cmd,,,2.0,0.0,0.0,,0.0,0.0,-1.0
1512265149743546849,,14,,1512265149,742976903,cmd,,,2.0,0.0,0.0,,0.0,0.0,-1.0
1512265149843881276,,15,,1512265149,843130111,cmd,,,2.0,0.0,0.0,,0.0,0.0,-1.0
1512265149943674661,,16,,1512265149,943063020,cmd,,,2.0,0.0,0.0,,0.0,0.0,-1.0
1512265150044275703,,17,,1512265150,43236970,cmd,,,0.7,0.0,0.0,,0.0,0.0,1.0
1512265150143601484,,18,,1512265150,143008947,cmd,,,0.7,0.0,0.0,,0.0,0.0,1.0
1512265150243721693,,19,,1512265150,243115901,cmd,,,0.7,0.0,0.0,,0.0,0.0,1.0
1512265150344043411,,20,,1512265150,343195915,cmd,,,0.7,0.0,0.0,,0.0,0.0,1.0
1512265150443770859,,21,,1512265150,443118095,cmd,,,0.7,0.0,0.0,,0.0,0.0,1.0
1512265150543503880,,22,,1512265150,543035030,cmd,,,0.7,0.0,0.0,,0.0,0.0,1.0
1512265150643694922,,23,,1512265150,643002033,cmd,,,0.7,0.0,0.0,,0.0,0.0,1.0
1512265150743659557,,24,,1512265150,742978096,cmd,,,0.7,0.0,0.0,,0.0,0.0,1.0
1512265150844055182,,25,,1512265150,843058109,cmd,,,0.7,0.0,0.0,,0.0,0.0,1.0
1512265150943595807,,26,,1512265150,942975044,cmd,,,0.7,0.0,0.0,,0.0,0.0,1.0
1512265151043835442,,27,,1512265151,43220043,cmd,,,0.7,0.0,0.0,,0.0,0.0,1.0
1512265151143586223,,28,,1512265151,143022060,cmd,,,0.7,0.0,0.0,,0.0,0.0,1.0
1512265151243563619,,29,,1512265151,242975950,cmd,,,0.7,0.0,0.0,,0.0,0.0,1.0
1512265151343577421,,30,,1512265151,342988967,cmd,,,0.7,0.0,0.0,,0.0,0.0,1.0
1512265151443509348,,31,,1512265151,442984104,cmd,,,0.7,0.0,0.0,,0.0,0.0,1.0
1512265151543349713,,32,,1512265151,542984962,cmd,,,0.0,0.0,0.0,,0.0,0.0,0.0
1512265151643542473,,33,,1512265151,642986059,cmd,,,0.0,0.0,0.0,,0.0,0.0,0.0
1512265151743571275,,34,,1512265151,742983102,cmd,,,0.0,0.0,0.0,,0.0,0.0,0.0
1512265151843545546,,35,,1512265151,843024015,cmd,,,0.0,0.0,0.0,,0.0,0.0,0.0
1512265151943664348,,36,,1512265151,942975997,cmd,,,0.0,0.0,0.0,,0.0,0.0,0.0
1512265152043719088,,37,,1512265152,43100118,cmd,,,0.0,0.0,0.0,,0.0,0.0,0.0
1512265152143871067,,38,,1512265152,143170118,cmd,,,0.0,0.0,0.0,,0.0,0.0,0.0
1512265152243527681,,39,,1512265152,242994070,cmd,,,0.0,0.0,0.0,,0.0,0.0,0.0
1512265152343556119,,40,,1512265152,342978000,cmd,,,0.0,0.0,0.0,,0.0,0.0,0.0
1512265152443530650,,41,,1512265152,442979097,cmd,,,0.0,0.0,0.0,,0.0,0.0,0.0
1512265152543731327,,42,,1512265152,542990922,cmd,,,0.0,0.0,0.0,,0.0,0.0,0.0
1512265217539514011,,1,,1512265217,538611888,cmd,,,0.0,0.0,0.0,,0.0,0.0,0.0
1512265217539533073,,2,,1512265217,538986921,cmd,,,2.0,0.0,0.0,,0.0,0.0,1.0
1512265217639654219,,3,,1512265217,639277935,cmd,,,2.0,0.0,0.0,,0.0,0.0,1.0
1512265217740088594,,4,,1512265217,739317893,cmd,,,2.0,0.0,0.0,,0.0,0.0,1.0
1512265217839842292,,5,,1512265217,839278936,cmd,,,2.0,0.0,0.0,,0.0,0.0,1.0
1512265217939898385,,6,,1512265217,939250946,cmd,,,2.0,0.0,0.0,,0.0,0.0,1.0
1512265218039903906,,7,,1512265218,39314031,cmd,,,2.0,0.0,0.0,,0.0,0.0,1.0
1512265218139820990,,8,,1512265218,139270067,cmd,,,2.0,0.0,0.0,,0.0,0.0,1.0
1512265218239823698,,9,,1512265218,239264011,cmd,,,2.0,0.0,0.0,,0.0,0.0,1.0
1512265218339816042,,10,,1512265218,339260101,cmd,,,2.0,0.0,0.0,,0.0,0.0,1.0
1512265218439801042,,11,,1512265218,439239025,cmd,,,2.0,0.0,0.0,,0.0,0.0,1.0
1512265218539752083,,12,,1512265218,539249897,cmd,,,2.0,0.0,0.0,,0.0,0.0,1.0
1512265218639820573,,13,,1512265218,639252901,cmd,,,2.0,0.0,0.0,,0.0,0.0,1.0
1512265218739778698,,14,,1512265218,739237070,cmd,,,2.0,0.0,0.0,,0.0,0.0,1.0
1512265218839775260,,15,,1512265218,839246988,cmd,,,2.0,0.0,0.0,,0.0,0.0,1.0
1512265218939791562,,16,,1512265218,939230918,cmd,,,2.0,0.0,0.0,,0.0,0.0,1.0
1512265219039783437,,17,,1512265219,39241075,cmd,,,0.7,0.0,0.0,,0.0,0.0,-1.0
1512265219139934010,,18,,1512265219,139282941,cmd,,,0.7,0.0,0.0,,0.0,0.0,-1.0
1512265219239748333,,19,,1512265219,239238977,cmd,,,0.7,0.0,0.0,,0.0,0.0,-1.0
1512265219339803020,,20,,1512265219,339292049,cmd,,,0.7,0.0,0.0,,0.0,0.0,-1.0
1512265219439881718,,21,,1512265219,439266920,cmd,,,0.7,0.0,0.0,,0.0,0.0,-1.0
1512265219540102968,,22,,1512265219,539525985,cmd,,,0.7,0.0,0.0,,0.0,0.0,-1.0
1512265219639614114,,23,,1512265219,639234066,cmd,,,0.7,0.0,0.0,,0.0,0.0,-1.0
1512265219739949687,,24,,1512265219,739413976,cmd,,,0.7,0.0,0.0,,0.0,0.0,-1.0
1512265219839838228,,25,,1512265219,839323043,cmd,,,0.7,0.0,0.0,,0.0,0.0,-1.0
1512265219939765624,,26,,1512265219,939218044,cmd,,,0.7,0.0,0.0,,0.0,0.0,-1.0
1512265220039782812,,27,,1512265220,39318084,cmd,,,0.7,0.0,0.0,,0.0,0.0,-1.0
1512265220139755833,,28,,1512265220,139259099,cmd,,,0.7,0.0,0.0,,0.0,0.0,-1.0
1512265220239930520,,29,,1512265220,239248037,cmd,,,0.7,0.0,0.0,,0.0,0.0,-1.0
1512265220339860780,,30,,1512265220,339253902,cmd,,,0.7,0.0,0.0,,0.0,0.0,-1.0
1512265220439777499,,31,,1512265220,439285039,cmd,,,0.7,0.0,0.0,,0.0,0.0,-1.0
1512265220539844426,,32,,1512265220,539247989,cmd,,,0.0,0.0,0.0,,0.0,0.0,0.0
1512265220639802499,,33,,1512265220,639246940,cmd,,,0.0,0.0,0.0,,0.0,0.0,0.0
1512265220739774478,,34,,1512265220,739263057,cmd,,,0.0,0.0,0.0,,0.0,0.0,0.0
1512265220839741353,,35,,1512265220,839257955,cmd,,,0.0,0.0,0.0,,0.0,0.0,0.0
1512265220939999947,,36,,1512265220,939244031,cmd,,,0.0,0.0,0.0,,0.0,0.0,0.0
1512265221039794009,,37,,1512265221,39249897,cmd,,,0.0,0.0,0.0,,0.0,0.0,0.0
1512265221139721509,,38,,1512265221,139254093,cmd,,,0.0,0.0,0.0,,0.0,0.0,0.0
1512265221239787082,,39,,1512265221,239238977,cmd,,,0.0,0.0,0.0,,0.0,0.0,0.0
1512265221339841613,,40,,1512265221,339241981,cmd,,,0.0,0.0,0.0,,0.0,0.0,0.0
1512265221439724426,,41,,1512265221,439239978,cmd,,,0.0,0.0,0.0,,0.0,0.0,0.0
1512265221539991874,,42,,1512265221,539243936,cmd,,,0.0,0.0,0.0,,0.0,0.0,0.0
1512265252744179674,,1,,1512265252,743705987,cmd,,,0.0,0.0,0.0,,0.0,0.0,0.0
1512265252744644987,,2,,1512265252,744157075,cmd,,,2.0,0.0,0.0,,0.0,0.0,1.0
1512265252845040716,,3,,1512265252,844345092,cmd,,,2.0,0.0,0.0,,0.0,0.0,1.0
1512265252944901653,,4,,1512265252,944348096,cmd,,,2.0,0.0,0.0,,0.0,0.0,1.0
1512265253044826445,,5,,1512265253,44347047,cmd,,,2.0,0.0,0.0,,0.0,0.0,1.0
1512265253144795091,,6,,1512265253,144344091,cmd,,,2.0,0.0,0.0,,0.0,0.0,1.0
1512265253244819622,,7,,1512265253,244329929,cmd,,,2.0,0.0,0.0,,0.0,0.0,1.0
1512265253344776341,,8,,1512265253,344333887,cmd,,,2.0,0.0,0.0,,0.0,0.0,1.0
1512265253445051705,,9,,1512265253,444468021,cmd,,,2.0,0.0,0.0,,0.0,0.0,1.0
1512265253544765455,,10,,1512265253,544323921,cmd,,,2.0,0.0,0.0,,0.0,0.0,1.0
1512265253644988893,,11,,1512265253,644463062,cmd,,,2.0,0.0,0.0,,0.0,0.0,1.0
1512265253744880351,,12,,1512265253,744359016,cmd,,,2.0,0.0,0.0,,0.0,0.0,1.0
1512265253844831393,,13,,1512265253,844382047,cmd,,,2.0,0.0,0.0,,0.0,0.0,1.0
1512265253944952486,,14,,1512265253,944442033,cmd,,,2.0,0.0,0.0,,0.0,0.0,1.0
1512265254045177955,,15,,1512265254,44465065,cmd,,,2.0,0.0,0.0,,0.0,0.0,1.0
1512265254144853476,,16,,1512265254,144330024,cmd,,,2.0,0.0,0.0,,0.0,0.0,1.0
1512265254244880247,,17,,1512265254,244267940,cmd,,,0.7,0.0,0.0,,0.0,0.0,-1.0
1512265254344886757,,18,,1512265254,344403982,cmd,,,0.7,0.0,0.0,,0.0,0.0,-1.0
1512265254445179361,,19,,1512265254,444499015,cmd,,,0.7,0.0,0.0,,0.0,0.0,-1.0
1512265254544763319,,20,,1512265254,544322013,cmd,,,0.7,0.0,0.0,,0.0,0.0,-1.0
1512265254644873007,,21,,1512265254,644332885,cmd,,,0.7,0.0,0.0,,0.0,0.0,-1.0
1512265254744883163,,22,,1512265254,744376897,cmd,,,0.7,0.0,0.0,,0.0,0.0,-1.0
1512265254844981444,,23,,1512265254,844505071,cmd,,,0.7,0.0,0.0,,0.0,0.0,-1.0
1512265254945195819,,24,,1512265254,944372892,cmd,,,0.7,0.0,0.0,,0.0,0.0,-1.0
1512265255044993632,,25,,1512265255,44482946,cmd,,,0.7,0.0,0.0,,0.0,0.0,-1.0
1512265255145090507,,26,,1512265255,144362926,cmd,,,0.7,0.0,0.0,,0.0,0.0,-1.0
1512265255244785663,,27,,1512265255,244337081,cmd,,,0.7,0.0,0.0,,0.0,0.0,-1.0
1512265255344791184,,28,,1512265255,344335079,cmd,,,0.7,0.0,0.0,,0.0,0.0,-1.0
1512265255444970975,,29,,1512265255,444464921,cmd,,,0.7,0.0,0.0,,0.0,0.0,-1.0
1512265255545002798,,30,,1512265255,544507026,cmd,,,0.7,0.0,0.0,,0.0,0.0,-1.0
1512265255644825350,,31,,1512265255,644324064,cmd,,,0.7,0.0,0.0,,0.0,0.0,-1.0
1512265255744958475,,32,,1512265255,744474887,cmd,,,0.0,0.0,0.0,,0.0,0.0,0.0
1512265255848932173,,33,,1512265255,847675085,cmd,,,0.0,0.0,0.0,,0.0,0.0,0.0
1512265255944842069,,34,,1512265255,944396972,cmd,,,0.0,0.0,0.0,,0.0,0.0,0.0
1512265256044798371,,35,,1512265256,44342994,cmd,,,0.0,0.0,0.0,,0.0,0.0,0.0
1512265256145286288,,36,,1512265256,144505023,cmd,,,0.0,0.0,0.0,,0.0,0.0,0.0
1512265256245225506,,37,,1512265256,244358062,cmd,,,0.0,0.0,0.0,,0.0,0.0,0.0
1512265256345129725,,38,,1512265256,344327926,cmd,,,0.0,0.0,0.0,,0.0,0.0,0.0
1512265256445155819,,39,,1512265256,444453954,cmd,,,0.0,0.0,0.0,,0.0,0.0,0.0
1512265256545134673,,40,,1512265256,544315099,cmd,,,0.0,0.0,0.0,,0.0,0.0,0.0
1512265256646785246,,41,,1512265256,644416093,cmd,,,0.0,0.0,0.0,,0.0,0.0,0.0
1512265256745024204,,42,,1512265256,744390010,cmd,,,0.0,0.0,0.0,,0.0,0.0,0.0
