rosbagTimestamp,joint_name,position,speed,acceleration
1511916184331242755,0,-1.0,0.0,0.0
1511916184431766713,1,1.0,0.0,0.0
1511916184531429942,0,-1.0,0.0,0.0
1511916184631746661,1,1.0,0.0,0.0
1511916184732242755,0,-0.4,0.0,0.0
1511916184830857442,1,1.0,0.0,0.0
1511916184931836192,0,-0.4,0.0,0.0
1511916185030861140,1,1.0,0.0,0.0
1511916185131399005,0,-0.4,0.0,0.0
1511916185231792494,1,1.0,0.0,0.0
1511916185331157963,0,-0.4,0.0,0.0
1511916185430868015,1,1.0,0.0,0.0
1511916185531290463,0,-0.4,0.0,0.0
1511916185630397702,1,1.0,0.0,0.0
1511916185730998692,0,3.0,0.0,0.0
1511916185831181400,1,1.0,0.0,0.0
1511916185931802025,0,3.0,0.0,0.0
1511916186031355359,1,1.0,0.0,0.0
1511916186130230984,0,3.0,0.0,0.0
1511916186230928588,1,1.0,0.0,0.0
1511916186331353536,0,3.0,0.0,0.0
1511916186430907806,1,1.0,0.0,0.0
1511916186530496973,0,3.0,0.0,0.0
1511916186634730046,1,1.0,0.0,0.0
1511916186732069421,0,3.0,0.0,0.0
1511916186831864525,1,1.0,0.0,0.0
1511916186932093692,0,3.0,0.0,0.0
1511916187030859889,1,1.0,0.0,0.0
1511916187130394264,0,3.0,0.0,0.0
1511916187231586660,1,1.0,0.0,0.0
1511916187331203379,0,3.0,0.0,0.0
1511916187430776400,1,1.0,0.0,0.0
1511916187531871608,0,3.0,0.0,0.0
1511916187629613535,1,0.0,0.0,0.0
1511916187729668952,0,0.0,0.0,0.0
1511916226785282531,0,-1.0,0.0,0.0
1511916226885609770,1,1.0,0.0,0.0
1511916226985023051,0,-1.0,0.0,0.0
1511916227085651385,1,1.0,0.0,0.0
1511916227184996645,0,-0.4,0.0,0.0
1511916227284685030,1,1.0,0.0,0.0
1511916227384817114,0,-0.4,0.0,0.0
1511916227484584301,1,1.0,0.0,0.0
1511916227585105343,0,-0.4,0.0,0.0
1511916227684908468,1,1.0,0.0,0.0
1511916227785156280,0,-0.4,0.0,0.0
1511916227884744978,1,1.0,0.0,0.0
1511916227984933936,0,-0.4,0.0,0.0
1511916228084770551,1,1.0,0.0,0.0
1511916228185175863,0,-0.4,0.0,0.0
1511916228285359978,1,1.0,0.0,0.0
1511916228385554249,0,-0.4,0.0,0.0
1511916228484743624,1,1.0,0.0,0.0
1511916228585134665,0,-0.4,0.0,0.0
1511916228684592374,1,1.0,0.0,0.0
1511916228784510603,0,-0.4,0.0,0.0
1511916228884707686,1,1.0,0.0,0.0
1511916228984446280,0,-0.4,0.0,0.0
1511916229084861280,1,1.0,0.0,0.0
1511916229184519873,0,3.0,0.0,0.0
1511916229288263415,1,1.0,0.0,0.0
1511916229384926905,0,3.0,0.0,0.0
1511916229484938675,1,1.0,0.0,0.0
1511916229585602217,0,3.0,0.0,0.0
1511916229685147946,1,1.0,0.0,0.0
1511916229784650342,0,3.0,0.0,0.0
1511916229884936384,1,1.0,0.0,0.0
1511916229984748363,0,3.0,0.0,0.0
1511916230084519977,1,1.0,0.0,0.0
1511916230185230029,0,3.0,0.0,0.0
1511916230284761540,1,1.0,0.0,0.0
1511916230384478727,0,3.0,0.0,0.0
1511916230484672269,1,1.0,0.0,0.0
1511916230584891592,0,3.0,0.0,0.0
1511916230684569821,1,1.0,0.0,0.0
1511916230784598102,0,3.0,0.0,0.0
1511916230885710081,1,1.0,0.0,0.0
1511916230984900966,0,3.0,0.0,0.0
1511916231084035758,1,0.0,0.0,0.0
1511916231184061904,0,0.0,0.0,0.0
1511916260008519289,0,-1.0,0.0,0.0
1511916260108912049,1,1.0,0.0,0.0
1511916260208655070,0,-1.0,0.0,0.0
1511916260308377778,1,1.0,0.0,0.0
1511916260407956945,0,-0.4,0.0,0.0
1511916260508215226,1,1.0,0.0,0.0
1511916260608460591,0,-0.4,0.0,0.0
1511916260708254653,1,1.0,0.0,0.0
1511916260808508507,0,-0.4,0.0,0.0
1511916260908451893,1,1.0,0.0,0.0
1511916261008045330,0,-0.4,0.0,0.0
1511916261108260903,1,1.0,0.0,0.0
1511916261208044965,0,-0.4,0.0,0.0
1511916261307937830,1,1.0,0.0,0.0
1511916261408186059,0,-0.4,0.0,0.0
1511916261508063715,1,1.0,0.0,0.0
1511916261610799861,0,-0.4,0.0,0.0
1511916261708638819,1,1.0,0.0,0.0
1511916261808723298,0,-0.4,0.0,0.0
1511916261908575225,1,1.0,0.0,0.0
1511916262008603611,0,-0.4,0.0,0.0
1511916262108082777,1,1.0,0.0,0.0
1511916262208017621,0,-0.4,0.0,0.0
1511916262308417257,1,1.0,0.0,0.0
1511916262408452257,0,-0.4,0.0,0.0
1511916262508534079,1,1.0,0.0,0.0
1511916262608255902,0,-0.4,0.0,0.0
1511916262708396736,1,1.0,0.0,0.0
1511916262808497100,0,-0.4,0.0,0.0
1511916262908165642,1,1.0,0.0,0.0
1511916263007878558,0,-0.4,0.0,0.0
1511916263107893246,1,1.0,0.0,0.0
1511916263208037465,0,-0.4,0.0,0.0
1511916263308033246,1,1.0,0.0,0.0
1511916263408194652,0,-0.4,0.0,0.0
1511916263508456735,1,1.0,0.0,0.0
1511916263609208506,0,-0.4,0.0,0.0
1511916263708189339,1,1.0,0.0,0.0
1511916263808277100,0,-0.4,0.0,0.0
1511916263908459964,1,1.0,0.0,0.0
1511916264008301058,0,-0.4,0.0,0.0
1511916264108249443,1,1.0,0.0,0.0
1511916264208191839,0,-0.4,0.0,0.0
1511916264308170225,1,1.0,0.0,0.0
1511916264408011475,0,3.0,0.0,0.0
1511916264508151422,1,1.0,0.0,0.0
1511916264608332620,0,3.0,0.0,0.0
1511916264708151735,1,1.0,0.0,0.0
1511916264807864599,0,3.0,0.0,0.0
1511916264908087464,1,1.0,0.0,0.0
1511916265008246162,0,3.0,0.0,0.0
1511916265108324755,1,1.0,0.0,0.0
1511916265209061318,0,3.0,0.0,0.0
1511916265308347151,1,1.0,0.0,0.0
1511916265408818141,0,3.0,0.0,0.0
1511916265508219078,1,1.0,0.0,0.0
1511916265608260849,0,3.0,0.0,0.0
1511916265710828818,1,1.0,0.0,0.0
1511916265808096370,0,3.0,0.0,0.0
1511916265908678453,1,1.0,0.0,0.0
1511916266008161474,0,3.0,0.0,0.0
1511916266108018453,1,1.0,0.0,0.0
1511916266208522828,0,3.0,0.0,0.0
1511916266307129963,1,0.0,0.0,0.0
1511916266407228922,0,0.0,0.0,0.0
1511916286830559383,0,-1.0,0.0,0.0
1511916286931096414,1,1.0,0.0,0.0
1511916287031113497,0,-1.0,0.0,0.0
1511916287132011101,1,1.0,0.0,0.0
1511916287231388966,0,-0.4,0.0,0.0
1511916287331419382,1,1.0,0.0,0.0
1511916287431736309,0,-0.4,0.0,0.0
1511916287532024591,1,1.0,0.0,0.0
1511916287631062507,0,-0.4,0.0,0.0
1511916287732648966,1,1.0,0.0,0.0
1511916287832914955,0,-0.4,0.0,0.0
1511916287932846674,1,1.0,0.0,0.0
1511916288032645788,0,-0.4,0.0,0.0
1511916288131768236,1,1.0,0.0,0.0
1511916288232707663,0,-0.4,0.0,0.0
1511916288331428132,1,1.0,0.0,0.0
1511916288431609486,0,-0.4,0.0,0.0
1511916288531539538,1,1.0,0.0,0.0
1511916288631093913,0,-0.4,0.0,0.0
1511916288733354799,1,1.0,0.0,0.0
1511916288831384590,0,-0.4,0.0,0.0
1511916288931219486,1,1.0,0.0,0.0
1511916289030612923,0,-0.4,0.0,0.0
1511916289132091673,1,1.0,0.0,0.0
1511916289230749955,0,-0.4,0.0,0.0
1511916289330714330,1,1.0,0.0,0.0
1511916289430379642,0,-0.4,0.0,0.0
1511916289531737663,1,1.0,0.0,0.0
1511916289630966569,0,-0.4,0.0,0.0
1511916289731768913,1,1.0,0.0,0.0
1511916289831564538,0,-0.4,0.0,0.0
1511916289933028392,1,1.0,0.0,0.0
1511916290030417611,0,-0.4,0.0,0.0
1511916290131449329,1,1.0,0.0,0.0
1511916290231646725,0,-0.4,0.0,0.0
1511916290331258965,1,1.0,0.0,0.0
1511916290431398079,0,-0.4,0.0,0.0
1511916290530086517,1,1.0,0.0,0.0
1511916290630297767,0,-0.4,0.0,0.0
1511916290730252558,1,1.0,0.0,0.0
1511916290830295944,0,-0.4,0.0,0.0
1511916290930481256,1,1.0,0.0,0.0
1511916291030023339,0,-0.4,0.0,0.0
1511916291130215683,1,1.0,0.0,0.0
1511916291230268964,0,3.0,0.0,0.0
1511916291330113652,1,1.0,0.0,0.0
1511916291430041152,0,3.0,0.0,0.0
1511916291530022402,1,1.0,0.0,0.0
1511916291630417766,0,3.0,0.0,0.0
1511916291730131829,1,1.0,0.0,0.0
1511916291830070735,0,3.0,0.0,0.0
1511916291930051360,1,1.0,0.0,0.0
1511916292030246933,0,3.0,0.0,0.0
1511916292130215891,1,1.0,0.0,0.0
1511916292230173756,0,3.0,0.0,0.0
1511916292330046464,1,1.0,0.0,0.0
1511916292430088130,0,3.0,0.0,0.0
1511916292530649537,1,1.0,0.0,0.0
1511916292630325318,0,3.0,0.0,0.0
1511916292730995266,1,1.0,0.0,0.0
1511916292830235109,0,3.0,0.0,0.0
1511916292930328287,1,1.0,0.0,0.0
1511916293030417036,0,3.0,0.0,0.0
1511916293129333651,1,0.0,0.0,0.0
1511916293230734745,0,0.0,0.0,0.0
1511916326879584784,0,-1.0,0.0,0.0
1511916326979289680,1,-1.0,0.0,0.0
1511916327079380461,0,-1.0,0.0,0.0
1511916327179197232,1,-1.0,0.0,0.0
1511916327279190044,0,-0.4,0.0,0.0
1511916327378974888,1,-1.0,0.0,0.0
1511916327480414575,0,-0.4,0.0,0.0
1511916327582627336,1,-1.0,0.0,0.0
1511916327678876294,0,-0.4,0.0,0.0
1511916327779063013,1,-1.0,0.0,0.0
1511916327881317075,0,-0.4,0.0,0.0
1511916327979705877,1,-1.0,0.0,0.0
1511916328080134679,0,-0.4,0.0,0.0
1511916328179650721,1,-1.0,0.0,0.0
1511916328280229836,0,-0.4,0.0,0.0
1511916328379914627,1,-1.0,0.0,0.0
1511916328479222440,0,-0.4,0.0,0.0
1511916328579350148,1,-1.0,0.0,0.0
1511916328679644783,0,-0.4,0.0,0.0
1511916328779888533,1,-1.0,0.0,0.0
1511916328880663169,0,-0.4,0.0,0.0
1511916328979630148,1,-1.0,0.0,0.0
1511916329079636919,0,-0.4,0.0,0.0
1511916329179747596,1,-1.0,0.0,0.0
1511916329279133221,0,-0.4,0.0,0.0
1511916329379553793,1,-1.0,0.0,0.0
1511916329480813377,0,-0.4,0.0,0.0
1511916329579729627,1,-1.0,0.0,0.0
1511916329679450825,0,-0.4,0.0,0.0
1511916329779549158,1,-1.0,0.0,0.0
1511916329879939314,0,-0.4,0.0,0.0
1511916329979573272,1,-1.0,0.0,0.0
1511916330080196137,0,-0.4,0.0,0.0
1511916330180332074,1,-1.0,0.0,0.0
1511916330279650147,0,-0.4,0.0,0.0
1511916330379923845,1,-1.0,0.0,0.0
1511916330479665928,0,-0.4,0.0,0.0
1511916330579572335,1,-1.0,0.0,0.0
1511916330679831970,0,-0.4,0.0,0.0
1511916330780844783,1,-1.0,0.0,0.0
1511916330879518741,0,-0.4,0.0,0.0
1511916330980702543,1,-1.0,0.0,0.0
1511916331080081501,0,-0.4,0.0,0.0
1511916331179728949,1,-1.0,0.0,0.0
1511916331279473741,0,3.0,0.0,0.0
1511916331379683011,1,-1.0,0.0,0.0
1511916331479377751,0,3.0,0.0,0.0
1511916331579842647,1,-1.0,0.0,0.0
1511916331679379730,0,3.0,0.0,0.0
1511916331780121605,1,-1.0,0.0,0.0
1511916331879075303,0,3.0,0.0,0.0
1511916331979142542,1,-1.0,0.0,0.0
1511916332079305251,0,3.0,0.0,0.0
1511916332179055407,1,-1.0,0.0,0.0
1511916332279362386,0,3.0,0.0,0.0
1511916332379228115,1,-1.0,0.0,0.0
1511916332479199053,0,3.0,0.0,0.0
1511916332579096605,1,-1.0,0.0,0.0
1511916332679590876,0,3.0,0.0,0.0
1511916332779184313,1,-1.0,0.0,0.0
1511916332878960928,0,3.0,0.0,0.0
1511916332979469000,1,-1.0,0.0,0.0
1511916333078984000,0,3.0,0.0,0.0
1511916333178258792,1,0.0,0.0,0.0
1511916333278351292,0,0.0,0.0,0.0
1511916342966756549,0,-1.0,0.0,0.0
1511916343064914569,1,-1.0,0.0,0.0
1511916343164466028,0,-1.0,0.0,0.0
1511916343264767486,1,-1.0,0.0,0.0
1511916343364494257,0,-0.4,0.0,0.0
1511916343465628892,1,-1.0,0.0,0.0
1511916343564664465,0,-0.4,0.0,0.0
1511916343664721340,1,-1.0,0.0,0.0
1511916343764457382,0,-0.4,0.0,0.0
1511916343865032903,1,-1.0,0.0,0.0
1511916343965200819,0,-0.4,0.0,0.0
1511916344064478059,1,-1.0,0.0,0.0
1511916344164919777,0,-0.4,0.0,0.0
1511916344264987850,1,-1.0,0.0,0.0
1511916344364483059,0,-0.4,0.0,0.0
1511916344464702277,1,-1.0,0.0,0.0
1511916344565077954,0,-0.4,0.0,0.0
1511916344664628058,1,-1.0,0.0,0.0
1511916344764899829,0,-0.4,0.0,0.0
1511916344865347850,1,-1.0,0.0,0.0
1511916344964936808,0,-0.4,0.0,0.0
1511916345065626444,1,-1.0,0.0,0.0
1511916345164773527,0,-0.4,0.0,0.0
1511916345264688631,1,-1.0,0.0,0.0
1511916345364655558,0,-0.4,0.0,0.0
1511916345464600506,1,-1.0,0.0,0.0
1511916345565281860,0,-0.4,0.0,0.0
1511916345664906756,1,-1.0,0.0,0.0
1511916345764919100,0,-0.4,0.0,0.0
1511916345864661027,1,-1.0,0.0,0.0
1511916345966572329,0,-0.4,0.0,0.0
1511916346064471131,1,-1.0,0.0,0.0
1511916346164583787,0,-0.4,0.0,0.0
1511916346264767485,1,-1.0,0.0,0.0
1511916346365049933,0,-0.4,0.0,0.0
1511916346465113318,1,-1.0,0.0,0.0
1511916346564988318,0,-0.4,0.0,0.0
1511916346665359047,1,-1.0,0.0,0.0
1511916346764962120,0,-0.4,0.0,0.0
1511916346864946756,1,-1.0,0.0,0.0
1511916346964977797,0,-0.4,0.0,0.0
1511916347064532953,1,-1.0,0.0,0.0
1511916347165439308,0,-0.4,0.0,0.0
1511916347264652120,1,-1.0,0.0,0.0
1511916347365555297,0,3.0,0.0,0.0
1511916347464830505,1,-1.0,0.0,0.0
1511916347565184359,0,3.0,0.0,0.0
1511916347664934255,1,-1.0,0.0,0.0
1511916347764833161,0,3.0,0.0,0.0
1511916347864433578,1,-1.0,0.0,0.0
1511916347964773786,0,3.0,0.0,0.0
1511916348065013057,1,-1.0,0.0,0.0
1511916348164628526,0,3.0,0.0,0.0
1511916348265474515,1,-1.0,0.0,0.0
1511916348365016442,0,3.0,0.0,0.0
1511916348465349776,1,-1.0,0.0,0.0
1511916348565423213,0,3.0,0.0,0.0
1511916348664974567,1,-1.0,0.0,0.0
1511916348764546286,0,3.0,0.0,0.0
1511916348864737067,1,-1.0,0.0,0.0
1511916348964788213,0,3.0,0.0,0.0
1511916349064691234,1,-1.0,0.0,0.0
1511916349164683942,0,3.0,0.0,0.0
1511916349263686911,1,0.0,0.0,0.0
1511916349363896807,0,0.0,0.0,0.0
1511916377071445390,0,-1.0,0.0,0.0
1511916377170206848,1,1.0,0.0,0.0
1511916377270916484,0,-1.0,0.0,0.0
1511916377370788202,1,1.0,0.0,0.0
1511916377470980806,0,-0.425,0.0,0.0
1511916377571220910,1,1.0,0.0,0.0
1511916377671170598,0,-0.425,0.0,0.0
1511916377770819973,1,1.0,0.0,0.0
1511916377870698723,0,-0.425,0.0,0.0
1511916377970668202,1,1.0,0.0,0.0
1511916378070930389,0,-0.425,0.0,0.0
1511916378170932994,1,1.0,0.0,0.0
1511916378270466587,0,-0.425,0.0,0.0
1511916378374786379,1,1.0,0.0,0.0
1511916378470792837,0,-0.425,0.0,0.0
1511916378570606171,1,1.0,0.0,0.0
1511916378670576431,0,-0.425,0.0,0.0
1511916378771301118,1,1.0,0.0,0.0
1511916378871044712,0,-0.425,0.0,0.0
1511916378970877472,1,1.0,0.0,0.0
1511916379070896847,0,-0.425,0.0,0.0
1511916379171354191,1,1.0,0.0,0.0
1511916379271161587,0,-0.425,0.0,0.0
1511916379370530076,1,1.0,0.0,0.0
1511916379470524035,0,-0.425,0.0,0.0
1511916379570650441,1,1.0,0.0,0.0
1511916379670593253,0,-0.425,0.0,0.0
1511916379771358514,1,1.0,0.0,0.0
1511916379870751326,0,-0.425,0.0,0.0
1511916379970689712,1,1.0,0.0,0.0
1511916380070977889,0,-0.425,0.0,0.0
1511916380171109399,1,1.0,0.0,0.0
1511916380270576014,0,-0.425,0.0,0.0
1511916380370915076,1,1.0,0.0,0.0
1511916380470537524,0,-0.425,0.0,0.0
1511916380571182941,1,1.0,0.0,0.0
1511916380670740232,0,-0.425,0.0,0.0
1511916380770850284,1,1.0,0.0,0.0
1511916380870870180,0,-0.425,0.0,0.0
1511916380970878982,1,1.0,0.0,0.0
1511916381070488201,0,-0.425,0.0,0.0
1511916381170259867,1,1.0,0.0,0.0
1511916381270223097,0,-0.425,0.0,0.0
1511916381370527263,1,1.0,0.0,0.0
1511916381470182524,0,3.0,0.0,0.0
1511916381570565128,1,1.0,0.0,0.0
1511916381670513044,0,3.0,0.0,0.0
1511916381770672680,1,1.0,0.0,0.0
1511916381870699086,0,3.0,0.0,0.0
1511916381970770336,1,1.0,0.0,0.0
1511916382070624294,0,3.0,0.0,0.0
1511916382170890180,1,1.0,0.0,0.0
1511916382270624763,0,3.0,0.0,0.0
1511916382370607419,1,1.0,0.0,0.0
1511916382471016534,0,3.0,0.0,0.0
1511916382570533357,1,1.0,0.0,0.0
1511916382670597523,0,3.0,0.0,0.0
1511916382771024450,1,1.0,0.0,0.0
1511916382870719190,0,3.0,0.0,0.0
1511916382971546690,1,1.0,0.0,0.0
1511916383071457263,0,3.0,0.0,0.0
1511916383170634867,1,1.0,0.0,0.0
1511916383271049346,0,3.0,0.0,0.0
1511916383369815752,1,0.0,0.0,0.0
1511916383469903512,0,0.0,0.0,0.0
1511916394546211373,0,-1.0,0.0,0.0
1511916394646351529,1,1.0,0.0,0.0
1511916394746272623,0,-1.0,0.0,0.0
1511916394846137727,1,1.0,0.0,0.0
1511916394947171216,0,-0.425,0.0,0.0
1511916395046222050,1,1.0,0.0,0.0
1511916395146053612,0,-0.425,0.0,0.0
1511916395246386477,1,1.0,0.0,0.0
1511916395346110070,0,-0.425,0.0,0.0
1511916395446047258,1,1.0,0.0,0.0
1511916395547036581,0,-0.425,0.0,0.0
1511916395646259654,1,1.0,0.0,0.0
1511916395746087049,0,-0.425,0.0,0.0
1511916395846845383,1,1.0,0.0,0.0
1511916395947239289,0,-0.425,0.0,0.0
1511916396046871737,1,1.0,0.0,0.0
1511916396146072414,0,-0.425,0.0,0.0
1511916396247524289,1,1.0,0.0,0.0
1511916396350737258,0,-0.425,0.0,0.0
1511916396450516580,1,1.0,0.0,0.0
1511916396546401685,0,-0.425,0.0,0.0
1511916396647054549,1,1.0,0.0,0.0
1511916396746437466,0,-0.425,0.0,0.0
1511916396846768559,1,1.0,0.0,0.0
1511916396946034132,0,-0.425,0.0,0.0
1511916397046978976,1,1.0,0.0,0.0
1511916397147243351,0,-0.425,0.0,0.0
1511916397246837570,1,1.0,0.0,0.0
1511916397346428976,0,-0.425,0.0,0.0
1511916397446436007,1,1.0,0.0,0.0
1511916397546945382,0,-0.425,0.0,0.0
1511916397646663611,1,1.0,0.0,0.0
1511916397746989861,0,-0.425,0.0,0.0
1511916397846764809,1,1.0,0.0,0.0
1511916397946611996,0,-0.425,0.0,0.0
1511916398046687986,1,1.0,0.0,0.0
1511916398147110173,0,-0.425,0.0,0.0
1511916398246819548,1,1.0,0.0,0.0
1511916398347671215,0,-0.425,0.0,0.0
1511916398446831840,1,1.0,0.0,0.0
1511916398546826632,0,-0.425,0.0,0.0
1511916398646787882,1,1.0,0.0,0.0
1511916398746393038,0,-0.425,0.0,0.0
1511916398846860017,1,1.0,0.0,0.0
1511916398946400017,0,3.0,0.0,0.0
1511916399046586475,1,1.0,0.0,0.0
1511916399146537413,0,3.0,0.0,0.0
1511916399246876892,1,1.0,0.0,0.0
1511916399346314340,0,3.0,0.0,0.0
1511916399446790121,1,1.0,0.0,0.0
1511916399546354235,0,3.0,0.0,0.0
1511916399646010173,1,1.0,0.0,0.0
1511916399746508246,0,3.0,0.0,0.0
1511916399846473767,1,1.0,0.0,0.0
1511916399946245485,0,3.0,0.0,0.0
1511916400046383975,1,1.0,0.0,0.0
1511916400146041579,0,3.0,0.0,0.0
1511916400246462048,1,1.0,0.0,0.0
1511916400346731683,0,3.0,0.0,0.0
1511916400446490329,1,1.0,0.0,0.0
1511916400546154756,0,3.0,0.0,0.0
1511916400646038662,1,1.0,0.0,0.0
1511916400746441579,0,3.0,0.0,0.0
1511916400845343610,1,0.0,0.0,0.0
1511916400945464964,0,0.0,0.0,0.0
1511916424669597507,0,-1.0,0.0,0.0
1511916424769545372,1,-1.0,0.0,0.0
1511916424869800788,0,-1.0,0.0,0.0
1511916424969851205,1,-1.0,0.0,0.0
1511916425069666517,0,-0.425,0.0,0.0
1511916425169692819,1,-1.0,0.0,0.0
1511916425269433496,0,-0.425,0.0,0.0
1511916425369007403,1,-1.0,0.0,0.0
1511916425469047559,0,-0.425,0.0,0.0
1511916425569479121,1,-1.0,0.0,0.0
1511916425669380996,0,-0.425,0.0,0.0
1511916425769437350,1,-1.0,0.0,0.0
1511916425870003496,0,-0.425,0.0,0.0
1511916425969395788,1,-1.0,0.0,0.0
1511916426069319954,0,-0.425,0.0,0.0
1511916426169284225,1,-1.0,0.0,0.0
1511916426269642767,0,-0.425,0.0,0.0
1511916426369064850,1,-1.0,0.0,0.0
1511916426470179486,0,-0.425,0.0,0.0
1511916426569258027,1,-1.0,0.0,0.0
1511916426669263236,0,-0.425,0.0,0.0
1511916426769078131,1,-1.0,0.0,0.0
1511916426869008548,0,-0.425,0.0,0.0
1511916426969629694,1,-1.0,0.0,0.0
1511916427069168027,0,-0.425,0.0,0.0
1511916427169286100,1,-1.0,0.0,0.0
1511916427269258287,0,-0.425,0.0,0.0
1511916427369173756,1,-1.0,0.0,0.0
1511916427469421256,0,-0.425,0.0,0.0
1511916427569338600,1,-1.0,0.0,0.0
1511916427669221100,0,-0.425,0.0,0.0
1511916427769408808,1,-1.0,0.0,0.0
1511916427869317402,0,-0.425,0.0,0.0
1511916427969549381,1,-1.0,0.0,0.0
1511916428069300266,0,-0.425,0.0,0.0
1511916428169203547,1,-1.0,0.0,0.0
1511916428269314589,0,-0.425,0.0,0.0
1511916428369522558,1,-1.0,0.0,0.0
1511916428469333808,0,-0.425,0.0,0.0
1511916428569830943,1,-1.0,0.0,0.0
1511916428669266620,0,-0.425,0.0,0.0
1511916428769414745,1,-1.0,0.0,0.0
1511916428869384953,0,-0.425,0.0,0.0
1511916428969808287,1,-1.0,0.0,0.0
1511916429069478599,0,3.0,0.0,0.0
1511916429169304849,1,-1.0,0.0,0.0
1511916429269412453,0,3.0,0.0,0.0
1511916429369337818,1,-1.0,0.0,0.0
1511916429469046828,0,3.0,0.0,0.0
1511916429569128391,1,-1.0,0.0,0.0
1511916429669107036,0,3.0,0.0,0.0
1511916429769607505,1,-1.0,0.0,0.0
1511916429869605891,0,3.0,0.0,0.0
1511916429969453130,1,-1.0,0.0,0.0
1511916430069450526,0,3.0,0.0,0.0
1511916430169477505,1,-1.0,0.0,0.0
1511916430269217192,0,3.0,0.0,0.0
1511916430369679432,1,-1.0,0.0,0.0
1511916430469394276,0,3.0,0.0,0.0
1511916430569582297,1,-1.0,0.0,0.0
1511916430669580005,0,3.0,0.0,0.0
1511916430769728130,1,-1.0,0.0,0.0
1511916430869420578,0,3.0,0.0,0.0
1511916430968316255,1,0.0,0.0,0.0
1511916431069392817,0,0.0,0.0,0.0
1511916439971580105,0,-1.0,0.0,0.0
1511916440071661824,1,-1.0,0.0,0.0
1511916440171629532,0,-1.0,0.0,0.0
1511916440271457762,1,-1.0,0.0,0.0
1511916440371446147,0,-0.425,0.0,0.0
1511916440471914428,1,-1.0,0.0,0.0
1511916440571497605,0,-0.425,0.0,0.0
1511916440671449532,1,-1.0,0.0,0.0
1511916440771581199,0,-0.425,0.0,0.0
1511916440871780678,1,-1.0,0.0,0.0
1511916440971463751,0,-0.425,0.0,0.0
1511916441071612813,1,-1.0,0.0,0.0
1511916441175138438,0,-0.425,0.0,0.0
1511916441271856667,1,-1.0,0.0,0.0
1511916441371638647,0,-0.425,0.0,0.0
1511916441472378542,1,-1.0,0.0,0.0
1511916441571469272,0,-0.425,0.0,0.0
1511916441672182501,1,-1.0,0.0,0.0
1511916441772028021,0,-0.425,0.0,0.0
1511916441872113230,1,-1.0,0.0,0.0
1511916441972567917,0,-0.425,0.0,0.0
1511916442071835730,1,-1.0,0.0,0.0
1511916442171714792,0,-0.425,0.0,0.0
1511916442272025730,1,-1.0,0.0,0.0
1511916442372077865,0,-0.425,0.0,0.0
1511916442472114532,1,-1.0,0.0,0.0
1511916442572094584,0,-0.425,0.0,0.0
1511916442671905938,1,-1.0,0.0,0.0
1511916442771478594,0,-0.425,0.0,0.0
1511916442871627917,1,-1.0,0.0,0.0
1511916442971463073,0,-0.425,0.0,0.0
1511916443071598177,1,-1.0,0.0,0.0
1511916443172056406,0,-0.425,0.0,0.0
1511916443271673802,1,-1.0,0.0,0.0
1511916443371618437,0,-0.425,0.0,0.0
1511916443471664792,1,-1.0,0.0,0.0
1511916443572086667,0,-0.425,0.0,0.0
1511916443671431198,1,-1.0,0.0,0.0
1511916443772086458,0,-0.425,0.0,0.0
1511916443871505677,1,-1.0,0.0,0.0
1511916443971632187,0,-0.425,0.0,0.0
1511916444071562968,1,-1.0,0.0,0.0
1511916444171537031,0,-0.425,0.0,0.0
1511916444271897291,1,-1.0,0.0,0.0
1511916444372006823,0,3.0,0.0,0.0
1511916444471920937,1,-1.0,0.0,0.0
1511916444571683177,0,3.0,0.0,0.0
1511916444671739114,1,-1.0,0.0,0.0
1511916444771698802,0,3.0,0.0,0.0
1511916444872479843,1,-1.0,0.0,0.0
1511916444971582083,0,3.0,0.0,0.0
1511916445071421770,1,-1.0,0.0,0.0
1511916445171753020,0,3.0,0.0,0.0
1511916445271805416,1,-1.0,0.0,0.0
1511916445371728124,0,3.0,0.0,0.0
1511916445472455103,1,-1.0,0.0,0.0
1511916445571364374,0,3.0,0.0,0.0
1511916445671496301,1,-1.0,0.0,0.0
1511916445771682655,0,3.0,0.0,0.0
1511916445871655832,1,-1.0,0.0,0.0
1511916445971636093,0,3.0,0.0,0.0
1511916446071963749,1,-1.0,0.0,0.0
1511916446171429270,0,3.0,0.0,0.0
1511916446270762238,1,0.0,0.0,0.0
1511916446370930520,0,0.0,0.0,0.0
1511916488623647014,0,-1.0,0.0,0.0
1511916488724937587,1,1.0,0.0,0.0
1511916488823597535,0,-1.0,0.0,0.0
1511916488924298681,1,1.0,0.0,0.0
1511916489023764149,0,-0.45,0.0,0.0
1511916489124103524,1,1.0,0.0,0.0
1511916489224271910,0,-0.45,0.0,0.0
1511916489324145712,1,1.0,0.0,0.0
1511916489424171857,0,-0.45,0.0,0.0
1511916489523850087,1,1.0,0.0,0.0
1511916489624525712,0,-0.45,0.0,0.0
1511916489723879305,1,1.0,0.0,0.0
1511916489824006076,0,-0.45,0.0,0.0
1511916489924182430,1,1.0,0.0,0.0
1511916490024203888,0,-0.45,0.0,0.0
1511916490123928784,1,1.0,0.0,0.0
1511916490224306545,0,-0.45,0.0,0.0
1511916490324065086,1,1.0,0.0,0.0
1511916490424110503,0,-0.45,0.0,0.0
1511916490524059201,1,1.0,0.0,0.0
1511916490623831649,0,-0.45,0.0,0.0
1511916490723943472,1,1.0,0.0,0.0
1511916490824637013,0,-0.45,0.0,0.0
1511916490923811649,1,1.0,0.0,0.0
1511916491023828263,0,-0.45,0.0,0.0
1511916491124198159,1,1.0,0.0,0.0
1511916491224311909,0,-0.45,0.0,0.0
1511916491324097378,1,1.0,0.0,0.0
1511916491429697013,0,-0.45,0.0,0.0
1511916491525862534,1,1.0,0.0,0.0
1511916491625177898,0,-0.45,0.0,0.0
1511916491726121284,1,1.0,0.0,0.0
1511916491826053263,0,-0.45,0.0,0.0
1511916491925838731,1,1.0,0.0,0.0
1511916492024968315,0,-0.45,0.0,0.0
1511916492124572273,1,1.0,0.0,0.0
1511916492223807586,0,-0.45,0.0,0.0
1511916492323907533,1,1.0,0.0,0.0
1511916492424227794,0,3.0,0.0,0.0
1511916492523899877,1,1.0,0.0,0.0
1511916492623826440,0,3.0,0.0,0.0
1511916492724782221,1,1.0,0.0,0.0
1511916492824875554,0,3.0,0.0,0.0
1511916492924253002,1,1.0,0.0,0.0
1511916493024089512,0,3.0,0.0,0.0
1511916493123835814,1,1.0,0.0,0.0
1511916493223945814,0,3.0,0.0,0.0
1511916493325556648,1,1.0,0.0,0.0
1511916493424847950,0,3.0,0.0,0.0
1511916493524791804,1,1.0,0.0,0.0
1511916493624491231,0,3.0,0.0,0.0
1511916493724239616,1,1.0,0.0,0.0
1511916493824262377,0,3.0,0.0,0.0
1511916493924879616,1,1.0,0.0,0.0
1511916494023672897,0,3.0,0.0,0.0
1511916494123957324,1,1.0,0.0,0.0
1511916494223820606,0,3.0,0.0,0.0
1511916494323048783,1,0.0,0.0,0.0
1511916494423168210,0,0.0,0.0,0.0
1511916505708815185,0,-1.0,0.0,0.0
1511916505808916382,1,1.0,0.0,0.0
1511916505909287632,0,-1.0,0.0,0.0
1511916506008534612,1,1.0,0.0,0.0
1511916506108600549,0,-0.45,0.0,0.0
1511916506208648309,1,1.0,0.0,0.0
1511916506308893153,0,-0.45,0.0,0.0
1511916506408422893,1,1.0,0.0,0.0
1511916506508784976,0,-0.45,0.0,0.0
1511916506608969247,1,1.0,0.0,0.0
1511916506708650653,0,-0.45,0.0,0.0
1511916506808782267,1,1.0,0.0,0.0
1511916506908748986,0,-0.45,0.0,0.0
1511916507008662632,1,1.0,0.0,0.0
1511916507108663049,0,-0.45,0.0,0.0
1511916507209072528,1,1.0,0.0,0.0
1511916507308415549,0,-0.45,0.0,0.0
1511916507408933673,1,1.0,0.0,0.0
1511916507508894038,0,-0.45,0.0,0.0
1511916507608658882,1,1.0,0.0,0.0
1511916507708558673,0,-0.45,0.0,0.0
1511916507809586746,1,1.0,0.0,0.0
1511916507909238517,0,-0.45,0.0,0.0
1511916508008871746,1,1.0,0.0,0.0
1511916508108623204,0,-0.45,0.0,0.0
1511916508208823986,1,1.0,0.0,0.0
1511916508308871486,0,-0.45,0.0,0.0
1511916508408758100,1,1.0,0.0,0.0
1511916508508665600,0,-0.45,0.0,0.0
1511916508608612683,1,1.0,0.0,0.0
1511916508709137631,0,-0.45,0.0,0.0
1511916508808531590,1,1.0,0.0,0.0
1511916508908498256,0,-0.45,0.0,0.0
1511916509008675235,1,1.0,0.0,0.0
1511916509108507527,0,-0.45,0.0,0.0
1511916509208511902,1,1.0,0.0,0.0
1511916509308308673,0,-0.45,0.0,0.0
1511916509408509662,1,1.0,0.0,0.0
1511916509508756016,0,3.0,0.0,0.0
1511916509608784193,1,1.0,0.0,0.0
1511916509709105704,0,3.0,0.0,0.0
1511916509808731745,1,1.0,0.0,0.0
1511916509910842214,0,3.0,0.0,0.0
1511916510009714975,1,1.0,0.0,0.0
1511916510108651120,0,3.0,0.0,0.0
1511916510209687579,1,1.0,0.0,0.0
1511916510308606693,0,3.0,0.0,0.0
1511916510408782631,1,1.0,0.0,0.0
1511916510509037162,0,3.0,0.0,0.0
1511916510608936797,1,1.0,0.0,0.0
1511916510708950391,0,3.0,0.0,0.0
1511916510809113412,1,1.0,0.0,0.0
1511916510909179974,0,3.0,0.0,0.0
1511916511008854193,1,1.0,0.0,0.0
1511916511108298047,0,3.0,0.0,0.0
1511916511208790339,1,1.0,0.0,0.0
1511916511308783255,0,3.0,0.0,0.0
1511916511407760859,1,0.0,0.0,0.0
1511916511507856276,0,0.0,0.0,0.0
1511916547555085012,0,-1.0,0.0,0.0
1511916547655046158,1,-1.0,0.0,0.0
1511916547755138866,0,-1.0,0.0,0.0
1511916547854820689,1,-1.0,0.0,0.0
1511916547954568346,0,-0.45,0.0,0.0
1511916548054280898,1,-1.0,0.0,0.0
1511916548154352460,0,-0.45,0.0,0.0
1511916548255035272,1,-1.0,0.0,0.0
1511916548354244127,0,-0.45,0.0,0.0
1511916548454754387,1,-1.0,0.0,0.0
1511916548554629543,0,-0.45,0.0,0.0
1511916548654388606,1,-1.0,0.0,0.0
1511916548754102304,0,-0.45,0.0,0.0
1511916548854388449,1,-1.0,0.0,0.0
1511916548954055949,0,-0.45,0.0,0.0
1511916549054236939,1,-1.0,0.0,0.0
1511916549154352460,0,-0.45,0.0,0.0
1511916549255217616,1,-1.0,0.0,0.0
1511916549354535637,0,-0.45,0.0,0.0
1511916549454433866,1,-1.0,0.0,0.0
1511916549554584699,0,-0.45,0.0,0.0
1511916549654780220,1,-1.0,0.0,0.0
1511916549754489230,0,-0.45,0.0,0.0
1511916549854681886,1,-1.0,0.0,0.0
1511916549954557303,0,-0.45,0.0,0.0
1511916550054938813,1,-1.0,0.0,0.0
1511916550155054178,0,-0.45,0.0,0.0
1511916550255191834,1,-1.0,0.0,0.0
1511916550354905897,0,-0.45,0.0,0.0
1511916550458792980,1,-1.0,0.0,0.0
1511916550554678709,0,-0.45,0.0,0.0
1511916550655051626,1,-1.0,0.0,0.0
1511916550754599959,0,-0.45,0.0,0.0
1511916550854475167,1,-1.0,0.0,0.0
1511916550955185324,0,-0.45,0.0,0.0
1511916551054564855,1,-1.0,0.0,0.0
1511916551154737823,0,-0.45,0.0,0.0
1511916551255042928,1,-1.0,0.0,0.0
1511916551354599334,0,3.0,0.0,0.0
1511916551455450688,1,-1.0,0.0,0.0
1511916551555103032,0,3.0,0.0,0.0
1511916551654569855,1,-1.0,0.0,0.0
1511916551754984907,0,3.0,0.0,0.0
1511916551854429542,1,-1.0,0.0,0.0
1511916551954463917,0,3.0,0.0,0.0
1511916552054317198,1,-1.0,0.0,0.0
1511916552154328396,0,3.0,0.0,0.0
1511916552254725219,1,-1.0,0.0,0.0
1511916552354753604,0,3.0,0.0,0.0
1511916552454235427,1,-1.0,0.0,0.0
1511916552554223083,0,3.0,0.0,0.0
1511916552654111833,1,-1.0,0.0,0.0
1511916552754375479,0,3.0,0.0,0.0
1511916552854218656,1,-1.0,0.0,0.0
1511916552954279958,0,3.0,0.0,0.0
1511916553054960323,1,-1.0,0.0,0.0
1511916553154057510,0,3.0,0.0,0.0
1511916553253421677,1,0.0,0.0,0.0
1511916553353506989,0,0.0,0.0,0.0
1511916567294034067,0,-1.0,0.0,0.0
1511916567394103338,1,-1.0,0.0,0.0
1511916567494656828,0,-1.0,0.0,0.0
1511916567594289640,1,-1.0,0.0,0.0
1511916567694617296,0,-0.45,0.0,0.0
1511916567794398650,1,-1.0,0.0,0.0
1511916567894631984,0,-0.45,0.0,0.0
1511916567994562817,1,-1.0,0.0,0.0
1511916568094640421,0,-0.45,0.0,0.0
1511916568194513963,1,-1.0,0.0,0.0
1511916568294588025,0,-0.45,0.0,0.0
1511916568394137452,1,-1.0,0.0,0.0
1511916568494144431,0,-0.45,0.0,0.0
1511916568594553858,1,-1.0,0.0,0.0
1511916568694043754,0,-0.45,0.0,0.0
1511916568794824223,1,-1.0,0.0,0.0
1511916568894301463,0,-0.45,0.0,0.0
1511916568994447087,1,-1.0,0.0,0.0
1511916569094810473,0,-0.45,0.0,0.0
1511916569194462244,1,-1.0,0.0,0.0
1511916569294421723,0,-0.45,0.0,0.0
1511916569394935994,1,-1.0,0.0,0.0
1511916569494308598,0,-0.45,0.0,0.0
1511916569594952296,1,-1.0,0.0,0.0
1511916569694545160,0,-0.45,0.0,0.0
1511916569794656254,1,-1.0,0.0,0.0
1511916569894173962,0,-0.45,0.0,0.0
1511916569994674952,1,-1.0,0.0,0.0
1511916570095879900,0,-0.45,0.0,0.0
1511916570195243806,1,-1.0,0.0,0.0
1511916570295039431,0,-0.45,0.0,0.0
1511916570394756514,1,-1.0,0.0,0.0
1511916570494283493,0,-0.45,0.0,0.0
1511916570594351045,1,-1.0,0.0,0.0
1511916570694796774,0,-0.45,0.0,0.0
1511916570794734639,1,-1.0,0.0,0.0
1511916570894104847,0,-0.45,0.0,0.0
1511916570994079430,1,-1.0,0.0,0.0
1511916571094095003,0,3.0,0.0,0.0
1511916571194625160,1,-1.0,0.0,0.0
1511916571294396878,0,3.0,0.0,0.0
1511916571394817659,1,-1.0,0.0,0.0
1511916571494207087,0,3.0,0.0,0.0
1511916571594304170,1,-1.0,0.0,0.0
1511916571694562086,0,3.0,0.0,0.0
1511916571794092034,1,-1.0,0.0,0.0
1511916571894070784,0,3.0,0.0,0.0
1511916571995611878,1,-1.0,0.0,0.0
1511916572095046930,0,3.0,0.0,0.0
1511916572195701774,1,-1.0,0.0,0.0
1511916572294418076,0,3.0,0.0,0.0
1511916572394626201,1,-1.0,0.0,0.0
1511916572494598909,0,3.0,0.0,0.0
1511916572594499326,1,-1.0,0.0,0.0
1511916572694320263,0,3.0,0.0,0.0
1511916572794520159,1,-1.0,0.0,0.0
1511916572894650888,0,3.0,0.0,0.0
1511916572993726201,1,0.0,0.0,0.0
1511916573093482138,0,0.0,0.0,0.0
1511916651320822108,0,-1.0,0.0,0.0
1511916651420753254,1,1.0,0.0,0.0
1511916651520527525,0,-1.0,0.0,0.0
1511916651620794087,1,1.0,0.0,0.0
1511916651720670702,0,-1.0,0.0,0.0
1511916651820075545,1,1.0,0.0,0.0
1511916651920923670,0,-1.0,0.0,0.0
1511916652020008618,1,1.0,0.0,0.0
1511916652120896952,0,-0.5,0.0,0.0
1511916652219895806,1,1.0,0.0,0.0
1511916652319987733,0,-0.5,0.0,0.0
1511916652420097264,1,1.0,0.0,0.0
1511916652520061170,0,-0.5,0.0,0.0
1511916652620617524,1,1.0,0.0,0.0
1511916652719709191,0,-0.5,0.0,0.0
1511916652820733670,1,1.0,0.0,0.0
1511916652920759503,0,-0.5,0.0,0.0
1511916653020248410,1,1.0,0.0,0.0
1511916653120940701,0,-0.5,0.0,0.0
1511916653220258566,1,1.0,0.0,0.0
1511916653320414659,0,-0.5,0.0,0.0
1511916653419869191,1,1.0,0.0,0.0
1511916653519817889,0,-0.5,0.0,0.0
1511916653619790128,1,1.0,0.0,0.0
1511916653719839763,0,-0.5,0.0,0.0
1511916653820242993,1,1.0,0.0,0.0
1511916653920233774,0,-0.5,0.0,0.0
1511916654020308826,1,1.0,0.0,0.0
1511916654122690753,0,-0.5,0.0,0.0
1511916654220992524,1,1.0,0.0,0.0
1511916654321888565,0,-0.5,0.0,0.0
1511916654421580492,1,1.0,0.0,0.0
1511916654521239503,0,-0.5,0.0,0.0
1511916654621622940,1,1.0,0.0,0.0
1511916654720707419,0,3.0,0.0,0.0
1511916654822324503,1,1.0,0.0,0.0
1511916654922668096,0,3.0,0.0,0.0
1511916655028195232,1,1.0,0.0,0.0
1511916655119881638,0,3.0,0.0,0.0
1511916655220259346,1,1.0,0.0,0.0
1511916655320144450,0,3.0,0.0,0.0
1511916655420393148,1,1.0,0.0,0.0
1511916655520481117,0,3.0,0.0,0.0
1511916655620034815,1,1.0,0.0,0.0
1511916655720880492,0,3.0,0.0,0.0
1511916655819859398,1,1.0,0.0,0.0
1511916655919958044,0,3.0,0.0,0.0
1511916656020164554,1,1.0,0.0,0.0
1511916656120205856,0,3.0,0.0,0.0
1511916656220293408,1,1.0,0.0,0.0
1511916656320803460,0,3.0,0.0,0.0
1511916656420062315,1,1.0,0.0,0.0
1511916656519848512,0,3.0,0.0,0.0
1511916656619047835,1,0.0,0.0,0.0
1511916656719239189,0,0.0,0.0,0.0
1511916682622946940,0,-1.0,0.0,0.0
1511916682722224440,1,1.0,0.0,0.0
1511916682822334492,0,-1.0,0.0,0.0
1511916682922136992,1,1.0,0.0,0.0
1511916683022026523,0,-1.0,0.0,0.0
1511916683122016940,1,1.0,0.0,0.0
1511916683222001315,0,-1.0,0.0,0.0
1511916683322140846,1,1.0,0.0,0.0
1511916683422031367,0,-0.5,0.0,0.0
1511916683522145221,1,1.0,0.0,0.0
1511916683622131106,0,-0.5,0.0,0.0
1511916683722041940,1,1.0,0.0,0.0
1511916683822081054,0,-0.5,0.0,0.0
1511916683922150481,1,1.0,0.0,0.0
1511916684022120689,0,-0.5,0.0,0.0
1511916684122152616,1,1.0,0.0,0.0
1511916684222158606,0,-0.5,0.0,0.0
1511916684322154023,1,1.0,0.0,0.0
1511916684422201314,0,-0.5,0.0,0.0
1511916684522272095,1,1.0,0.0,0.0
1511916684622273085,0,-0.5,0.0,0.0
1511916684722175585,1,1.0,0.0,0.0
1511916684822538866,0,-0.5,0.0,0.0
1511916684922788450,1,1.0,0.0,0.0
1511916685022261887,0,-0.5,0.0,0.0
1511916685122590741,1,1.0,0.0,0.0
1511916685221944908,0,-0.5,0.0,0.0
1511916685322150168,1,1.0,0.0,0.0
1511916685422203762,0,3.0,0.0,0.0
1511916685522251939,1,1.0,0.0,0.0
1511916685622297251,0,3.0,0.0,0.0
1511916685722878293,1,1.0,0.0,0.0
1511916685822470741,0,3.0,0.0,0.0
1511916685922062251,1,1.0,0.0,0.0
1511916686022698397,0,3.0,0.0,0.0
1511916686122548137,1,1.0,0.0,0.0
1511916686222164491,0,3.0,0.0,0.0
1511916686322863866,1,1.0,0.0,0.0
1511916686422230845,0,3.0,0.0,0.0
1511916686522559386,1,1.0,0.0,0.0
1511916686622478136,0,3.0,0.0,0.0
1511916686722500688,1,1.0,0.0,0.0
1511916686822934647,0,3.0,0.0,0.0
1511916686923271001,1,1.0,0.0,0.0
1511916687023164907,0,3.0,0.0,0.0
1511916687122457303,1,1.0,0.0,0.0
1511916687222334803,0,3.0,0.0,0.0
1511916687321279178,1,0.0,0.0,0.0
1511916687421486313,0,0.0,0.0,0.0
1511916698424200059,0,-1.0,0.0,0.0
1511916698524253132,1,1.0,0.0,0.0
1511916698624238913,0,-1.0,0.0,0.0
1511916698724280892,1,1.0,0.0,0.0
1511916698825237038,0,-1.0,0.0,0.0
1511916698925042767,1,1.0,0.0,0.0
1511916699024081152,0,-1.0,0.0,0.0
1511916699124739538,1,1.0,0.0,0.0
1511916699226310996,0,-0.5,0.0,0.0
1511916699324495892,1,1.0,0.0,0.0
1511916699424385319,0,-0.5,0.0,0.0
1511916699524439329,1,1.0,0.0,0.0
1511916699624755892,0,-0.5,0.0,0.0
1511916699724736256,1,1.0,0.0,0.0
1511916699824685527,0,-0.5,0.0,0.0
1511916699924953756,1,1.0,0.0,0.0
1511916700025557715,0,-0.5,0.0,0.0
1511916700124870475,1,1.0,0.0,0.0
1511916700224285631,0,-0.5,0.0,0.0
1511916700324689902,1,1.0,0.0,0.0
1511916700424186829,0,-0.5,0.0,0.0
1511916700524706152,1,1.0,0.0,0.0
1511916700624391569,0,-0.5,0.0,0.0
1511916700724461360,1,1.0,0.0,0.0
1511916700824776985,0,-0.5,0.0,0.0
1511916700924603495,1,1.0,0.0,0.0
1511916701024723756,0,-0.5,0.0,0.0
1511916701124344693,1,1.0,0.0,0.0
1511916701224642506,0,3.0,0.0,0.0
1511916701324357922,1,1.0,0.0,0.0
1511916701424423079,0,3.0,0.0,0.0
1511916701524271047,1,1.0,0.0,0.0
1511916701624243964,0,3.0,0.0,0.0
1511916701724474485,1,1.0,0.0,0.0
1511916701824532870,0,3.0,0.0,0.0
1511916701925204172,1,1.0,0.0,0.0
1511916702024344120,0,3.0,0.0,0.0
1511916702124326151,1,1.0,0.0,0.0
1511916702224899068,0,3.0,0.0,0.0
1511916702324242089,1,1.0,0.0,0.0
1511916702424362037,0,3.0,0.0,0.0
1511916702524772505,1,1.0,0.0,0.0
1511916702624049328,0,3.0,0.0,0.0
1511916702724096151,1,1.0,0.0,0.0
1511916702824077349,0,3.0,0.0,0.0
1511916702924408495,1,1.0,0.0,0.0
1511916703024080370,0,3.0,0.0,0.0
1511916703123440213,1,0.0,0.0,0.0
1511916703223589797,0,0.0,0.0,0.0
1511916731448555463,0,-1.0,0.0,0.0
1511916731548203692,1,-1.0,0.0,0.0
1511916731648839473,0,-1.0,0.0,0.0
1511916731748444317,1,-1.0,0.0,0.0
1511916731848675619,0,-1.0,0.0,0.0
1511916731948586348,1,-1.0,0.0,0.0
1511916732048361296,0,-1.0,0.0,0.0
1511916732148164577,1,-1.0,0.0,0.0
1511916732247898275,0,-0.5,0.0,0.0
1511916732347989265,1,-1.0,0.0,0.0
1511916732448543379,0,-0.5,0.0,0.0
1511916732548846973,1,-1.0,0.0,0.0
1511916732648749265,0,-0.5,0.0,0.0
1511916732748822338,1,-1.0,0.0,0.0
1511916732848551869,0,-0.5,0.0,0.0
1511916732947995462,1,-1.0,0.0,0.0
1511916733048100410,0,-0.5,0.0,0.0
1511916733147968900,1,-1.0,0.0,0.0
1511916733248906504,0,-0.5,0.0,0.0
1511916733348078691,1,-1.0,0.0,0.0
1511916733448763743,0,-0.5,0.0,0.0
1511916733548073431,1,-1.0,0.0,0.0
1511916733648773535,0,-0.5,0.0,0.0
1511916733747799733,1,-1.0,0.0,0.0
1511916733848339160,0,-0.5,0.0,0.0
1511916733948584525,1,-1.0,0.0,0.0
1511916734048344785,0,-0.5,0.0,0.0
1511916734147863274,1,-1.0,0.0,0.0
1511916734247798327,0,3.0,0.0,0.0
1511916734348522806,1,-1.0,0.0,0.0
1511916734448655462,0,3.0,0.0,0.0
1511916734548732649,1,-1.0,0.0,0.0
1511916734647988014,0,3.0,0.0,0.0
1511916734748480930,1,-1.0,0.0,0.0
1511916734847987337,0,3.0,0.0,0.0
1511916734948223326,1,-1.0,0.0,0.0
1511916735048323847,0,3.0,0.0,0.0
1511916735148214107,1,-1.0,0.0,0.0
1511916735248752857,0,3.0,0.0,0.0
1511916735348155253,1,-1.0,0.0,0.0
1511916735448054680,0,3.0,0.0,0.0
1511916735548639576,1,-1.0,0.0,0.0
1511916735648578586,0,3.0,0.0,0.0
1511916735747916399,1,-1.0,0.0,0.0
1511916735848772336,0,3.0,0.0,0.0
1511916735948605045,1,-1.0,0.0,0.0
1511916736048272440,0,3.0,0.0,0.0
1511916736147123013,1,0.0,0.0,0.0
1511916736247340826,0,0.0,0.0,0.0
1511916746721049884,0,-1.0,0.0,0.0
1511916746821036968,1,-1.0,0.0,0.0
1511916746921473113,0,-1.0,0.0,0.0
1511916747021202280,1,-1.0,0.0,0.0
1511916747121128842,0,-1.0,0.0,0.0
1511916747221257957,1,-1.0,0.0,0.0
1511916747321216134,0,-1.0,0.0,0.0
1511916747420839728,1,-1.0,0.0,0.0
1511916747521006342,0,-0.5,0.0,0.0
1511916747621337957,1,-1.0,0.0,0.0
1511916747721794103,0,-0.5,0.0,0.0
1511916747820751082,1,-1.0,0.0,0.0
1511916747921627280,0,-0.5,0.0,0.0
1511916748021001759,1,-1.0,0.0,0.0
1511916748120983738,0,-0.5,0.0,0.0
1511916748221170196,1,-1.0,0.0,0.0
1511916748320955561,0,-0.5,0.0,0.0
1511916748420938842,1,-1.0,0.0,0.0
1511916748520942279,0,-0.5,0.0,0.0
1511916748621091186,1,-1.0,0.0,0.0
1511916748720876550,0,-0.5,0.0,0.0
1511916748822517175,1,-1.0,0.0,0.0
1511916748922609050,0,-0.5,0.0,0.0
1511916749021100144,1,-1.0,0.0,0.0
1511916749121097852,0,-0.5,0.0,0.0
1511916749221338425,1,-1.0,0.0,0.0
1511916749321305248,0,-0.5,0.0,0.0
1511916749421837435,1,-1.0,0.0,0.0
1511916749521228685,0,3.0,0.0,0.0
1511916749621538841,1,-1.0,0.0,0.0
1511916749721210925,0,3.0,0.0,0.0
1511916749821331706,1,-1.0,0.0,0.0
1511916749921091133,0,3.0,0.0,0.0
1511916750021084466,1,-1.0,0.0,0.0
1511916750120997435,0,3.0,0.0,0.0
1511916750221082018,1,-1.0,0.0,0.0
1511916750320809050,0,3.0,0.0,0.0
1511916750421117227,1,-1.0,0.0,0.0
1511916750521780872,0,3.0,0.0,0.0
1511916750621203477,1,-1.0,0.0,0.0
1511916750721051029,0,3.0,0.0,0.0
1511916750821967279,1,-1.0,0.0,0.0
1511916750921243320,0,3.0,0.0,0.0
1511916751021873528,1,-1.0,0.0,0.0
1511916751121285716,0,3.0,0.0,0.0
1511916751221253320,1,-1.0,0.0,0.0
1511916751321623476,0,3.0,0.0,0.0
1511916751420194674,1,0.0,0.0,0.0
1511916751520296705,0,0.0,0.0,0.0
1511916796642211115,0,-1.0,0.0,0.0
1511916796741882157,1,1.0,0.0,0.0
1511916796842293459,0,-1.0,0.0,0.0
1511916796942167469,1,1.0,0.0,0.0
1511916797042509761,0,-1.0,0.0,0.0
1511916797142284292,1,1.0,0.0,0.0
1511916797241990021,0,-1.0,0.0,0.0
1511916797342024344,1,1.0,0.0,0.0
1511916797442140177,0,-0.55,0.0,0.0
1511916797541976011,1,1.0,0.0,0.0
1511916797642379500,0,-0.55,0.0,0.0
1511916797742437938,1,1.0,0.0,0.0
1511916797842743094,0,-0.55,0.0,0.0
1511916797942012156,1,1.0,0.0,0.0
1511916798042306636,0,-0.55,0.0,0.0
1511916798142082573,1,1.0,0.0,0.0
1511916798242221583,0,-0.55,0.0,0.0
1511916798341982937,1,1.0,0.0,0.0
1511916798441991896,0,-0.55,0.0,0.0
1511916798542257469,1,1.0,0.0,0.0
1511916798642606219,0,-0.55,0.0,0.0
1511916798742437885,1,1.0,0.0,0.0
1511916798842608354,0,-0.55,0.0,0.0
1511916798942288666,1,1.0,0.0,0.0
1511916799042384552,0,3.0,0.0,0.0
1511916799142430177,1,1.0,0.0,0.0
1511916799242334812,0,3.0,0.0,0.0
1511916799341842573,1,1.0,0.0,0.0
1511916799442540229,0,3.0,0.0,0.0
1511916799542325750,1,1.0,0.0,0.0
1511916799641890489,0,3.0,0.0,0.0
1511916799741852624,1,1.0,0.0,0.0
1511916799842163770,0,3.0,0.0,0.0
1511916799941852208,1,1.0,0.0,0.0
1511916800041883197,0,3.0,0.0,0.0
1511916800141920385,1,1.0,0.0,0.0
1511916800242065541,0,3.0,0.0,0.0
1511916800342311843,1,1.0,0.0,0.0
1511916800441978614,0,3.0,0.0,0.0
1511916800542308457,1,1.0,0.0,0.0
1511916800641950020,0,3.0,0.0,0.0
1511916800742121478,1,1.0,0.0,0.0
1511916800842698249,0,3.0,0.0,0.0
1511916800941233301,1,0.0,0.0,0.0
1511916801041090020,0,0.0,0.0,0.0
1511916828292616936,0,-1.0,0.0,0.0
1511916828392502301,1,1.0,0.0,0.0
1511916828492488655,0,-1.0,0.0,0.0
1511916828592716051,1,1.0,0.0,0.0
1511916828692425843,0,-1.0,0.0,0.0
1511916828792457613,1,1.0,0.0,0.0
1511916828892340113,0,-1.0,0.0,0.0
1511916828992522665,1,1.0,0.0,0.0
1511916829092322613,0,-0.55,0.0,0.0
1511916829192628603,1,1.0,0.0,0.0
1511916829292231728,0,-0.55,0.0,0.0
1511916829393124436,1,1.0,0.0,0.0
1511916829492780321,0,-0.55,0.0,0.0
1511916829592241051,1,1.0,0.0,0.0
1511916829692061519,0,-0.55,0.0,0.0
1511916829793111988,1,1.0,0.0,0.0
1511916829892781363,0,-0.55,0.0,0.0
1511916829992729800,1,1.0,0.0,0.0
1511916830092496102,0,-0.55,0.0,0.0
1511916830193257821,1,1.0,0.0,0.0
1511916830292637925,0,-0.55,0.0,0.0
1511916830392880686,1,1.0,0.0,0.0
1511916830492064644,0,-0.55,0.0,0.0
1511916830592777092,1,1.0,0.0,0.0
1511916830692174904,0,-0.55,0.0,0.0
1511916830792813290,1,1.0,0.0,0.0
1511916830892300425,0,3.0,0.0,0.0
1511916830992104123,1,1.0,0.0,0.0
1511916831092302769,0,3.0,0.0,0.0
1511916831192735894,1,1.0,0.0,0.0
1511916831292816258,0,3.0,0.0,0.0
1511916831392861050,1,1.0,0.0,0.0
1511916831492367248,0,3.0,0.0,0.0
1511916831592407352,1,1.0,0.0,0.0
1511916831692514487,0,3.0,0.0,0.0
1511916831792359748,1,1.0,0.0,0.0
1511916831892908602,0,3.0,0.0,0.0
1511916831992590737,1,1.0,0.0,0.0
1511916832092195216,0,3.0,0.0,0.0
1511916832192849539,1,1.0,0.0,0.0
1511916832292264435,0,3.0,0.0,0.0
1511916832392440685,1,1.0,0.0,0.0
1511916832492327352,0,3.0,0.0,0.0
1511916832592098133,1,1.0,0.0,0.0
1511916832692367299,0,3.0,0.0,0.0
1511916832791161466,1,0.0,0.0,0.0
1511916832891691414,0,0.0,0.0,0.0
1511916859298428018,0,-1.0,0.0,0.0
1511916859399363695,1,-1.0,0.0,0.0
1511916859498675154,0,-1.0,0.0,0.0
1511916859599167810,1,-1.0,0.0,0.0
1511916859698635727,0,-1.0,0.0,0.0
1511916859798745674,1,-1.0,0.0,0.0
1511916859898865779,0,-1.0,0.0,0.0
1511916860000553383,1,-1.0,0.0,0.0
1511916860099873539,0,-0.55,0.0,0.0
1511916860198704789,1,-1.0,0.0,0.0
1511916860302688383,0,-0.55,0.0,0.0
1511916860398422341,1,-1.0,0.0,0.0
1511916860498280622,0,-0.55,0.0,0.0
1511916860598341143,1,-1.0,0.0,0.0
1511916860698465310,0,-0.55,0.0,0.0
1511916860798476507,1,-1.0,0.0,0.0
1511916860898374841,0,-0.55,0.0,0.0
1511916860998405049,1,-1.0,0.0,0.0
1511916861098266299,0,-0.55,0.0,0.0
1511916861198419841,1,-1.0,0.0,0.0
1511916861298283330,0,-0.55,0.0,0.0
1511916861398413122,1,-1.0,0.0,0.0
1511916861502598955,0,-0.55,0.0,0.0
1511916861602515778,1,-1.0,0.0,0.0
1511916861702495517,0,-0.55,0.0,0.0
1511916861798533017,1,-1.0,0.0,0.0
1511916861902756767,0,3.0,0.0,0.0
1511916861998200309,1,-1.0,0.0,0.0
1511916862098462288,0,3.0,0.0,0.0
1511916862199107653,1,-1.0,0.0,0.0
1511916862298194892,0,3.0,0.0,0.0
1511916862398437288,1,-1.0,0.0,0.0
1511916862498855726,0,3.0,0.0,0.0
1511916862598560413,1,-1.0,0.0,0.0
1511916862698557548,0,3.0,0.0,0.0
1511916862798665830,1,-1.0,0.0,0.0
1511916862898495361,0,3.0,0.0,0.0
1511916862998684892,1,-1.0,0.0,0.0
1511916863098316350,0,3.0,0.0,0.0
1511916863198616559,1,-1.0,0.0,0.0
1511916863299337392,0,3.0,0.0,0.0
1511916863398589319,1,-1.0,0.0,0.0
1511916863502448277,0,3.0,0.0,0.0
1511916863602575673,1,-1.0,0.0,0.0
1511916863698332079,0,3.0,0.0,0.0
1511916863797493069,1,0.0,0.0,0.0
1511916863897853642,0,0.0,0.0,0.0
1511916875765721554,0,-1.0,0.0,0.0
1511916875865269158,1,-1.0,0.0,0.0
1511916875965697179,0,-1.0,0.0,0.0
1511916876065306085,1,-1.0,0.0,0.0
1511916876165740772,0,-1.0,0.0,0.0
1511916876265290877,1,-1.0,0.0,0.0
1511916876365551814,0,-1.0,0.0,0.0
1511916876464890251,1,-1.0,0.0,0.0
1511916876565384991,0,-0.55,0.0,0.0
1511916876665384262,1,-1.0,0.0,0.0
1511916876765556553,0,-0.55,0.0,0.0
1511916876865505303,1,-1.0,0.0,0.0
1511916876965639053,0,-0.55,0.0,0.0
1511916877065279418,1,-1.0,0.0,0.0
1511916877165389001,0,-0.55,0.0,0.0
1511916877265189366,1,-1.0,0.0,0.0
1511916877365434209,0,-0.55,0.0,0.0
1511916877465520251,1,-1.0,0.0,0.0
1511916877565152439,0,-0.55,0.0,0.0
1511916877665590407,1,-1.0,0.0,0.0
1511916877765169782,0,-0.55,0.0,0.0
1511916877865438480,1,-1.0,0.0,0.0
1511916877965215147,0,-0.55,0.0,0.0
1511916878065376032,1,-1.0,0.0,0.0
1511916878165222542,0,-0.55,0.0,0.0
1511916878265301449,1,-1.0,0.0,0.0
1511916878365297126,0,3.0,0.0,0.0
1511916878465136865,1,-1.0,0.0,0.0
1511916878565285355,0,3.0,0.0,0.0
1511916878665240771,1,-1.0,0.0,0.0
1511916878765564886,0,3.0,0.0,0.0
1511916878865303011,1,-1.0,0.0,0.0
1511916878965148948,0,3.0,0.0,0.0
1511916879065254417,1,-1.0,0.0,0.0
1511916879165196344,0,3.0,0.0,0.0
1511916879265247907,1,-1.0,0.0,0.0
1511916879365291552,0,3.0,0.0,0.0
1511916879465253636,1,-1.0,0.0,0.0
1511916879565197282,0,3.0,0.0,0.0
1511916879665918688,1,-1.0,0.0,0.0
1511916879765378479,0,3.0,0.0,0.0
1511916879865310719,1,-1.0,0.0,0.0
1511916879965759417,0,3.0,0.0,0.0
1511916880065572958,1,-1.0,0.0,0.0
1511916880165589469,0,3.0,0.0,0.0
1511916880264630875,1,0.0,0.0,0.0
1511916880364486083,0,0.0,0.0,0.0
1511916915368600445,0,-1.0,0.0,0.0
1511916915468306226,1,1.0,0.0,0.0
1511916915568345862,0,-1.0,0.0,0.0
1511916915668475497,1,1.0,0.0,0.0
1511916915769102007,0,-1.0,0.0,0.0
1511916915868313934,1,1.0,0.0,0.0
1511916915968379924,0,-1.0,0.0,0.0
1511916916068594299,1,1.0,0.0,0.0
1511916916168653778,0,-0.6,0.0,0.0
1511916916268622007,1,1.0,0.0,0.0
1511916916368352892,0,-0.6,0.0,0.0
1511916916468341695,1,1.0,0.0,0.0
1511916916568451434,0,-0.6,0.0,0.0
1511916916669109819,1,1.0,0.0,0.0
1511916916769328101,0,-0.6,0.0,0.0
1511916916868918934,1,1.0,0.0,0.0
1511916916968257371,0,-0.6,0.0,0.0
1511916917068655861,1,1.0,0.0,0.0
1511916917168367892,0,3.0,0.0,0.0
1511916917268121955,1,1.0,0.0,0.0
1511916917368296955,0,3.0,0.0,0.0
1511916917468800652,1,1.0,0.0,0.0
1511916917568698934,0,3.0,0.0,0.0
1511916917668450548,1,1.0,0.0,0.0
1511916917768240027,0,3.0,0.0,0.0
1511916917868482788,1,1.0,0.0,0.0
1511916917968150131,0,3.0,0.0,0.0
1511916918068423933,1,1.0,0.0,0.0
1511916918168504663,0,3.0,0.0,0.0
1511916918268759090,1,1.0,0.0,0.0
1511916918368316017,0,3.0,0.0,0.0
1511916918468220548,1,1.0,0.0,0.0
1511916918568329037,0,3.0,0.0,0.0
1511916918668397735,1,1.0,0.0,0.0
1511916918768602110,0,3.0,0.0,0.0
1511916918868201225,1,1.0,0.0,0.0
1511916918967917735,0,3.0,0.0,0.0
1511916919067457266,1,0.0,0.0,0.0
1511916919167300548,0,0.0,0.0,0.0
1511916947066624235,0,-1.0,0.0,0.0
1511916947166751943,1,1.0,0.0,0.0
1511916947266747464,0,-1.0,0.0,0.0
1511916947366796683,1,1.0,0.0,0.0
1511916947467303401,0,-1.0,0.0,0.0
1511916947570625120,1,1.0,0.0,0.0
1511916947670624808,0,-1.0,0.0,0.0
1511916947770597776,1,1.0,0.0,0.0
1511916947870489130,0,-0.6,0.0,0.0
1511916947966557724,1,1.0,0.0,0.0
1511916948066503349,0,-0.6,0.0,0.0
1511916948167095328,1,1.0,0.0,0.0
1511916948266924912,0,-0.6,0.0,0.0
1511916948370456734,1,1.0,0.0,0.0
1511916948467242776,0,-0.6,0.0,0.0
1511916948566694599,1,1.0,0.0,0.0
1511916948666664495,0,-0.6,0.0,0.0
1511916948770439495,1,1.0,0.0,0.0
1511916948870429755,0,-0.6,0.0,0.0
1511916948970451630,1,1.0,0.0,0.0
1511916949070510172,0,-0.6,0.0,0.0
1511916949170547307,1,1.0,0.0,0.0
1511916949270554755,0,3.0,0.0,0.0
1511916949370556682,1,1.0,0.0,0.0
1511916949470514234,0,3.0,0.0,0.0
1511916949570444338,1,1.0,0.0,0.0
1511916949670447567,0,3.0,0.0,0.0
1511916949767079911,1,1.0,0.0,0.0
1511916949870416317,0,3.0,0.0,0.0
1511916949970460015,1,1.0,0.0,0.0
1511916950070473869,0,3.0,0.0,0.0
1511916950170450380,1,1.0,0.0,0.0
1511916950270418452,0,3.0,0.0,0.0
1511916950370483192,1,1.0,0.0,0.0
1511916950470446369,0,3.0,0.0,0.0
1511916950570569286,1,1.0,0.0,0.0
1511916950670497411,0,3.0,0.0,0.0
1511916950770489806,1,1.0,0.0,0.0
1511916950870489754,0,3.0,0.0,0.0
1511916950970595223,1,1.0,0.0,0.0
1511916951070572775,0,3.0,0.0,0.0
1511916951166129233,1,0.0,0.0,0.0
1511916951266301160,0,0.0,0.0,0.0
1511916981538827295,0,-1.0,0.0,0.0
1511916981639547868,1,1.0,0.0,0.0
1511916981738754222,0,-1.0,0.0,0.0
1511916981838501045,1,1.0,0.0,0.0
1511916981937916722,0,-1.0,0.0,0.0
1511916982038915628,1,1.0,0.0,0.0
1511916982138585055,0,-1.0,0.0,0.0
1511916982238040524,1,1.0,0.0,0.0
1511916982338046096,0,-0.6,0.0,0.0
1511916982438437607,1,1.0,0.0,0.0
1511916982537637398,0,-0.6,0.0,0.0
1511916982637836461,1,1.0,0.0,0.0
1511916982740111200,0,-0.6,0.0,0.0
1511916982839150628,1,1.0,0.0,0.0
1511916982938264690,0,-0.6,0.0,0.0
1511916983039301357,1,1.0,0.0,0.0
1511916983137875002,0,-0.6,0.0,0.0
1511916983238977242,1,1.0,0.0,0.0
1511916983337760679,0,-0.6,0.0,0.0
1511916983437742398,1,1.0,0.0,0.0
1511916983537578023,0,-0.6,0.0,0.0
1511916983637684117,1,1.0,0.0,0.0
1511916983737956148,0,-0.6,0.0,0.0
1511916983837622606,1,1.0,0.0,0.0
1511916983937682710,0,3.0,0.0,0.0
1511916984038225262,1,1.0,0.0,0.0
1511916984137963648,0,3.0,0.0,0.0
1511916984238503648,1,1.0,0.0,0.0
1511916984337694117,0,3.0,0.0,0.0
1511916984437972450,1,1.0,0.0,0.0
1511916984538714533,0,3.0,0.0,0.0
1511916984637975731,1,1.0,0.0,0.0
1511916984738144898,0,3.0,0.0,0.0
1511916984838295002,1,1.0,0.0,0.0
1511916984938908283,0,3.0,0.0,0.0
1511916985039190575,1,1.0,0.0,0.0
1511916985137509533,0,3.0,0.0,0.0
1511916985242516929,1,1.0,0.0,0.0
1511916985342521877,0,3.0,0.0,0.0
1511916985442626981,1,1.0,0.0,0.0
1511916985542612293,0,3.0,0.0,0.0
1511916985642662293,1,1.0,0.0,0.0
1511916985738911304,0,3.0,0.0,0.0
1511916985836850262,1,0.0,0.0,0.0
1511916985937603178,0,0.0,0.0,0.0
1511917013113588064,0,-1.0,0.0,0.0
1511917013212971033,1,-1.0,0.0,0.0
1511917013312845355,0,-1.0,0.0,0.0
1511917013413117491,1,-1.0,0.0,0.0
1511917013513155147,0,-1.0,0.0,0.0
1511917013613001814,1,-1.0,0.0,0.0
1511917013713222855,0,-1.0,0.0,0.0
1511917013813378428,1,-1.0,0.0,0.0
1511917013913234418,0,-0.6,0.0,0.0
1511917014013659470,1,-1.0,0.0,0.0
1511917014113460772,0,-0.6,0.0,0.0
1511917014213525928,1,-1.0,0.0,0.0
1511917014313004001,0,-0.6,0.0,0.0
1511917014413087334,1,-1.0,0.0,0.0
1511917014513631188,0,-0.6,0.0,0.0
1511917014613811240,1,-1.0,0.0,0.0
1511917014713263220,0,-0.6,0.0,0.0
1511917014813619782,1,-1.0,0.0,0.0
1511917014913532542,0,-0.6,0.0,0.0
1511917015013144469,1,-1.0,0.0,0.0
1511917015113255407,0,-0.6,0.0,0.0
1511917015213285511,1,-1.0,0.0,0.0
1511917015313438844,0,-0.6,0.0,0.0
1511917015413276657,1,-1.0,0.0,0.0
1511917015513571032,0,3.0,0.0,0.0
1511917015613379625,1,-1.0,0.0,0.0
1511917015713294469,0,3.0,0.0,0.0
1511917015813291605,1,-1.0,0.0,0.0
1511917015913028219,0,3.0,0.0,0.0
1511917016013035927,1,-1.0,0.0,0.0
1511917016113218636,0,3.0,0.0,0.0
1511917016213735511,1,-1.0,0.0,0.0
1511917016313239886,0,3.0,0.0,0.0
1511917016413094156,1,-1.0,0.0,0.0
1511917016513581344,0,3.0,0.0,0.0
1511917016613723063,1,-1.0,0.0,0.0
1511917016713544677,0,3.0,0.0,0.0
1511917016813715094,1,-1.0,0.0,0.0
1511917016912961187,0,3.0,0.0,0.0
1511917017013360875,1,-1.0,0.0,0.0
1511917017113208271,0,3.0,0.0,0.0
1511917017213074469,1,-1.0,0.0,0.0
1511917017313334104,0,3.0,0.0,0.0
1511917017412248844,1,0.0,0.0,0.0
1511917017512395354,0,0.0,0.0,0.0
1511917032275600452,0,-1.0,0.0,0.0
1511917032375756546,1,-1.0,0.0,0.0
1511917032476002484,0,-1.0,0.0,0.0
1511917032576204359,1,-1.0,0.0,0.0
1511917032676043681,0,-1.0,0.0,0.0
1511917032776148786,1,-1.0,0.0,0.0
1511917032875701806,0,-1.0,0.0,0.0
1511917032975962119,1,-1.0,0.0,0.0
1511917033075934358,0,-0.6,0.0,0.0
1511917033175963629,1,-1.0,0.0,0.0
1511917033275802744,0,-0.6,0.0,0.0
1511917033376093994,1,-1.0,0.0,0.0
1511917033476379202,0,-0.6,0.0,0.0
1511917033576304150,1,-1.0,0.0,0.0
1511917033675930348,0,-0.6,0.0,0.0
1511917033780173004,1,-1.0,0.0,0.0
1511917033879973629,0,-0.6,0.0,0.0
1511917033976200400,1,-1.0,0.0,0.0
1511917034076039306,0,-0.6,0.0,0.0
1511917034175823681,1,-1.0,0.0,0.0
1511917034275524775,0,-0.6,0.0,0.0
1511917034375566545,1,-1.0,0.0,0.0
1511917034475758733,0,-0.6,0.0,0.0
1511917034575712118,1,-1.0,0.0,0.0
1511917034675598993,0,3.0,0.0,0.0
1511917034775903056,1,-1.0,0.0,0.0
1511917034875905087,0,3.0,0.0,0.0
1511917034975869306,1,-1.0,0.0,0.0
1511917035076433264,0,3.0,0.0,0.0
1511917035175967483,1,-1.0,0.0,0.0
1511917035275886597,0,3.0,0.0,0.0
1511917035375422535,1,-1.0,0.0,0.0
1511917035475554826,0,3.0,0.0,0.0
1511917035575593472,1,-1.0,0.0,0.0
1511917035675723264,0,3.0,0.0,0.0
1511917035775852118,1,-1.0,0.0,0.0
1511917035875974201,0,3.0,0.0,0.0
1511917035975887222,1,-1.0,0.0,0.0
1511917036075509045,0,3.0,0.0,0.0
1511917036176144670,1,-1.0,0.0,0.0
1511917036275981909,0,3.0,0.0,0.0
1511917036375891128,1,-1.0,0.0,0.0
1511917036475843367,0,3.0,0.0,0.0
1511917036574851649,1,0.0,0.0,0.0
1511917036674846284,0,0.0,0.0,0.0
1511917072130643666,0,-1.0,0.0,0.0
1511917072230239083,1,1.0,0.0,0.0
1511917072329570541,0,-1.0,0.0,0.0
1511917072429726218,1,1.0,0.0,0.0
1511917072529970593,0,-1.0,0.0,0.0
1511917072629836427,1,1.0,0.0,0.0
1511917072730399239,0,-1.0,0.0,0.0
1511917072830095072,1,1.0,0.0,0.0
1511917072929919916,0,-0.65,0.0,0.0
1511917073030084083,1,1.0,0.0,0.0
1511917073129717781,0,-0.65,0.0,0.0
1511917073229830645,1,1.0,0.0,0.0
1511917073330454968,0,-0.65,0.0,0.0
1511917073430607364,1,1.0,0.0,0.0
1511917073529467468,0,-0.65,0.0,0.0
1511917073629990541,1,1.0,0.0,0.0
1511917073729759239,0,-0.65,0.0,0.0
1511917073829981999,1,1.0,0.0,0.0
1511917073930465541,0,3.0,0.0,0.0
1511917074030120176,1,1.0,0.0,0.0
1511917074130094916,0,3.0,0.0,0.0
1511917074230020072,1,1.0,0.0,0.0
1511917074329981166,0,3.0,0.0,0.0
1511917074430583822,1,1.0,0.0,0.0
1511917074529963926,0,3.0,0.0,0.0
1511917074629854030,1,1.0,0.0,0.0
1511917074729710436,0,3.0,0.0,0.0
1511917074829851634,1,1.0,0.0,0.0
1511917074929785801,0,3.0,0.0,0.0
1511917075029528665,1,1.0,0.0,0.0
1511917075129868665,0,3.0,0.0,0.0
1511917075229503301,1,1.0,0.0,0.0
1511917075330028092,0,3.0,0.0,0.0
1511917075429938353,1,1.0,0.0,0.0
1511917075529695280,0,3.0,0.0,0.0
1511917075630461165,1,1.0,0.0,0.0
1511917075729930228,0,3.0,0.0,0.0
1511917075828951998,1,0.0,0.0,0.0
1511917075928782727,0,0.0,0.0,0.0
1511917107703939747,0,-1.0,0.0,0.0
1511917107804575892,1,1.0,0.0,0.0
1511917107904301309,0,-1.0,0.0,0.0
1511917108003624382,1,1.0,0.0,0.0
1511917108104123028,0,-1.0,0.0,0.0
1511917108203843913,1,1.0,0.0,0.0
1511917108303637507,0,-1.0,0.0,0.0
1511917108404128444,1,1.0,0.0,0.0
1511917108503965996,0,-0.7,0.0,0.0
1511917108603839850,1,1.0,0.0,0.0
1511917108703710840,0,-0.7,0.0,0.0
1511917108803873965,1,1.0,0.0,0.0
1511917108903940267,0,-0.7,0.0,0.0
1511917109004279381,1,1.0,0.0,0.0
1511917109104183340,0,-0.7,0.0,0.0
1511917109204438861,1,1.0,0.0,0.0
1511917109304399173,0,-0.7,0.0,0.0
1511917109403983860,1,1.0,0.0,0.0
1511917109504346985,0,3.0,0.0,0.0
1511917109604198756,1,1.0,0.0,0.0
1511917109704230787,0,3.0,0.0,0.0
1511917109804696933,1,1.0,0.0,0.0
1511917109903613912,0,3.0,0.0,0.0
1511917110004516412,1,1.0,0.0,0.0
1511917110104319016,0,3.0,0.0,0.0
1511917110203737454,1,1.0,0.0,0.0
1511917110304403704,0,3.0,0.0,0.0
1511917110403930996,1,1.0,0.0,0.0
1511917110503907037,0,3.0,0.0,0.0
1511917110604112245,1,1.0,0.0,0.0
1511917110704014016,0,3.0,0.0,0.0
1511917110804221308,1,1.0,0.0,0.0
1511917110904652245,0,3.0,0.0,0.0
1511917111003994745,1,1.0,0.0,0.0
1511917111104198443,0,3.0,0.0,0.0
1511917111203930943,1,1.0,0.0,0.0
1511917111303811151,0,3.0,0.0,0.0
1511917111403082662,1,0.0,0.0,0.0
1511917111504106308,0,0.0,0.0,0.0
1511917168597619567,0,-1.0,0.0,0.0
1511917168697550921,1,-1.0,0.0,0.0
1511917168797581130,0,-1.0,0.0,0.0
1511917168897964827,1,-1.0,0.0,0.0
1511917168997269098,0,-1.0,0.0,0.0
1511917169097988629,1,-1.0,0.0,0.0
1511917169197701181,0,-1.0,0.0,0.0
1511917169297340296,1,-1.0,0.0,0.0
1511917169397730661,0,-1.0,0.0,0.0
1511917169497452744,1,-1.0,0.0,0.0
1511917169597156546,0,-1.0,0.0,0.0
1511917169697305035,1,-1.0,0.0,0.0
1511917169802482431,0,-1.0,0.0,0.0
1511917169897149827,1,-1.0,0.0,0.0
1511917169998084775,0,-0.7,0.0,0.0
1511917170102333994,1,-1.0,0.0,0.0
1511917170197308004,0,-0.7,0.0,0.0
1511917170298438473,1,-1.0,0.0,0.0
1511917170397279618,0,-0.7,0.0,0.0
1511917170502435608,1,-1.0,0.0,0.0
1511917170597923473,0,-0.7,0.0,0.0
1511917170698091077,1,-1.0,0.0,0.0
1511917170797314358,0,-0.7,0.0,0.0
1511917170897511389,1,-1.0,0.0,0.0
1511917170997468368,0,3.0,0.0,0.0
1511917171097390816,1,-1.0,0.0,0.0
1511917171197493524,0,3.0,0.0,0.0
1511917171297843837,1,-1.0,0.0,0.0
1511917171397254462,0,3.0,0.0,0.0
1511917171497750764,1,-1.0,0.0,0.0
1511917171597212639,0,3.0,0.0,0.0
1511917171697411076,1,-1.0,0.0,0.0
1511917171797534774,0,3.0,0.0,0.0
1511917171897684774,1,-1.0,0.0,0.0
1511917171997272066,0,3.0,0.0,0.0
1511917172097457795,1,-1.0,0.0,0.0
1511917172197241909,0,3.0,0.0,0.0
1511917172297073732,1,-1.0,0.0,0.0
1511917172397268993,0,3.0,0.0,0.0
1511917172497530086,1,-1.0,0.0,0.0
1511917172597562847,0,3.0,0.0,0.0
1511917172697871545,1,-1.0,0.0,0.0
1511917172797274930,0,3.0,0.0,0.0
1511917172896418107,1,0.0,0.0,0.0
1511917172996441388,0,0.0,0.0,0.0
