0.019723,-0.0020692351739199557,0.0021676013222063717,1.1390547359824393e-05,-0.02362983372176413,-0.0004184092101185169,-0.00462791710460462
0.039404,-0.003486238753303228,0.0035747662668339933,-0.0005577179064626556,-0.039647921948226944,-0.0006590156992712344,-0.0075465599633384554
0.058903,-0.0040618002026142274,0.004068175275216486,-0.0013975351733867994,-0.04606796558834698,-0.0006826748852686428,-0.008670849473382229
0.079513,-0.004440039037635715,0.004339409779176809,-0.0023988776969565426,-0.050270059032637635,-0.0006186969686472757,-0.009349925409711083
0.099612,-0.004707957588015539,0.0044972978681035326,-0.0034496612335561906,-0.05329047219807831,-0.000481275824812558,-0.009785287436556333
0.12308,-0.004679179839444304,0.004331405754895881,-0.004697883446901126,-0.05303699797807032,-0.00022569089325374302,-0.00966170897185253
0.14071,-0.004660209090486884,0.004226869965835431,-0.0056339957774495415,-0.05303447800715735,5.80406999589926e-05,-0.00960995166243757
0.15791,-0.004640290939479207,0.004135945756274898,-0.006548850739761189,-0.05314109438877801,0.0003756880077377986,-0.009581131610276655
0.17879,-0.004502869405833796,0.003917174234662324,-0.0076457090167714545,-0.052082758181326905,0.000760325559374331,-0.009362943619166569
0.19948,-0.004570788191513821,0.00392772052453987,-0.00874403216909957,-0.053504594948669125,0.0011266768463513719,-0.009550876929009456
0.22541,-0.004475220391141566,0.0037632750070035028,-0.010131401576650914,-0.053381875607190744,0.0015933673652435442,-0.00946828803965631
0.24014,-0.004435526043360315,0.003730508491198387,-0.010926909094213668,-0.0539150548838398,0.0020744896070125085,-0.00952451178058564
0.25708,-0.004207314201293416,0.0035144264228574532,-0.011823989788596364,-0.05257823781550594,0.0026401634246888813,-0.009281162296047132
0.2771,-0.004096235884369545,0.003426281713357366,-0.012881725891546209,-0.05283299994876049,0.0031884292912487053,-0.0092976634781237
0.29694,-0.004002052521453644,0.003380536012449088,-0.013941222380926483,-0.05353753235203167,0.0037749546067847523,-0.009383251761583694
0.32158,-0.0038299630348097038,0.0032731050487202398,-0.015267350519578228,-0.05390186727456765,0.004435742020829769,-0.009399174050628996
0.33753,-0.003529389069241146,0.0030840084437860566,-0.01611291591435885,-0.05274723338526296,0.0051737888882738975,-0.009196692612419647
0.35621,-0.0033312067052836693,0.0030170662981340675,-0.017105044871033696,-0.05310698638466308,0.0058875278554582884,-0.009238857644215599
0.37599,-0.003144659206913798,0.0029901130303303177,-0.018169266728466967,-0.05398502101643034,0.006632726149773679,-0.009356565454286448
0.39683,-0.0028005804243585695,0.002837756190799101,-0.019290762068636433,-0.05356753686511864,0.007462861836724475,-0.009261224432392126
0.42243,-0.0023362711186126453,0.0026098492215819702,-0.020651509181984204,-0.052636394911112785,0.008358492987387273,-0.00908739043914269
0.43635,-0.0019734852533279824,0.0024975610263708553,-0.02137898461258503,-0.0521276242190445,0.009256960315706041,-0.00900687185526616
0.45526,-0.001544404994974824,0.002358680209540383,-0.02236053576471827,-0.05166511029850626,0.010174360899429274,-0.008935317093816137
0.47455,-0.0012190375380071103,0.0023547592990284336,-0.023372886466831312,-0.0527064380519061,0.011069626688910065,-0.009102186807552936
0.4947,0.00033901086228026287,0.0022184170919615975,-0.02443010645699834,-0.05301087791308711,0.023123990465912236,-0.03428808781371352
0.51614,0.0006178289683818517,0.002173977317197761,-0.025586234492430877,-0.05689698658956446,0.030369887998078746,-0.059083782202854686
0.53436,-0.0011124095572446575,0.0009288903847756757,-0.026469071389195964,-0.04820020250104327,0.0262725521289994,-0.07633933420320803
0.55522,-0.0031033611770631695,0.0009854984161423526,-0.027516410885796733,-0.053940892374062986,0.026292951020062533,-0.09698619959733594
0.57474,-0.0027476841660518106,0.0035377466550502216,-0.028978684243544273,-0.08797606815647266,0.03979693112494744,-0.11875064225828327
0.59506,0.0013592046465652477,0.00787024182399404,-0.031442093729385556,-0.14511599915796525,0.06801453716454899,-0.14236360106398685
0.61399,0.006801695782817115,0.009612129816240064,-0.03448991382791779,-0.17547813017891228,0.0911739902490416,-0.1586873251027734
0.63338,0.012153693620060304,0.0104027888208282,-0.03806075697250668,-0.1969371643296787,0.1101060862617246,-0.17251754908959904
0.65419,0.01762022978228616,0.011716561881257725,-0.042411912794316255,-0.2263284930612556,0.12931635849318174,-0.18703528700204286
0.6738,0.023655959902479762,0.011181250612738248,-0.04684384662199852,-0.23564467602803987,0.14424166386166437,-0.19670016386099717
0.69295,0.028464649327345676,0.009938302608564315,-0.051259958969289074,-0.23682748292104425,0.1533186425848506,-0.20422783727467492
0.71301,0.030178075555532667,0.011186445598572327,-0.05627992633628962,-0.2652056836705909,0.15979748285291925,-0.21561320957910737
0.73283,0.034851010198232,0.00751442507252284,-0.06112975099355346,-0.24064724745424637,0.1620854081050601,-0.21799583236078218
0.75417,0.0480716904137291,-0.005986592873901794,-0.06448777885706367,-0.11152897836349937,0.162510563852846,-0.20488425422200396
0.77279,0.05824772298552081,-0.015635538490773485,-0.0652611345789684,-0.01920372230123428,0.16378746688323545,-0.19753292022748334
0.79188,0.05940963923848248,-0.013686555203708364,-0.06593032458009761,-0.04987818298474915,0.168765668750598,-0.20946056133425534
0.82367,0.06459660725095989,-0.006943758497943825,-0.06844929362921406,-0.1427188576006035,0.1907754584134406,-0.23388827275311044
0.83262,0.06973536709195224,-0.006551823821017225,-0.06977862208396626,-0.15457691005287627,0.2018965624455224,-0.23759986508665268
0.85155,0.07629557262024032,-0.009125605617606908,-0.07243803947164268,-0.1403861387181276,0.20848835028870008,-0.23951600317893937
0.87352,0.0784505515648386,-0.008407616746720874,-0.07570216473438063,-0.16163453379344306,0.210937500432346,-0.24717194964739325
0.89054,0.07918479642489533,-0.007323510092201406,-0.07867526347411172,-0.18353288808257084,0.21187466680569347,-0.2533239567779608
0.91131,0.08562889641762318,-0.010349524954203682,-0.08217984222695554,-0.16596050186412667,0.2166138764153783,-0.2538095877525805
0.94092,0.09840967468617479,-0.015859000206533923,-0.08647240531001595,-0.12971893720787855,0.22816903860493143,-0.25290579337360314
0.951,0.10248496567321029,-0.016638898409776004,-0.0876966813514926,-0.12864142094178502,0.2331728967629621,-0.25423728071017354
0.96999,0.10507807812978719,-0.015270992614309064,-0.09038380721545347,-0.1554909740006458,0.23722742898738636,-0.26095781181416583
0.98944,0.10767416498252774,-0.013681481119904488,-0.09369219600976311,-0.18539994714339111,0.24153466961832104,-0.2676456928734232
1.0095,0.11398497440751959,-0.0157025000152487,-0.09724606882954358,-0.17878570322786766,0.24659669158123512,-0.26852036080769265
1.0293,0.1227061572977434,-0.019805606462588554,-0.10034288167764714,-0.15066781784209385,0.2524501203472696,-0.2661894874674441
1.0486,0.12838949536401464,-0.020979556124220988,-0.10318803384256292,-0.1522638115490216,0.2573085374230054,-0.2683410373992579
1.0685,0.13369471877669142,-0.021329241531220445,-0.1062683344615992,-0.16311671144814086,0.26256782807731793,-0.2717479559016877
1.0892,0.14037711143695827,-0.0231355369128316,-0.10951888809031995,-0.1597075256270953,0.26757505283226,-0.2728825493438386
1.1086,0.1443396469455779,-0.024083611048665875,-0.11261396295973909,-0.16348260969089962,0.26897711989161044,-0.2748075281097339
1.1281,0.14524207239697925,-0.023038210175851746,-0.11607186228531347,-0.18742198171421676,0.26803029946896856,-0.27944563996772837
1.1481,0.14945477250059783,-0.023651494885280202,-0.11986778395839676,-0.19580483686902558,0.2705492792364036,-0.28154608885496074
1.1673,0.15708869331732467,-0.026021011736200163,-0.12342734607845487,-0.1866364259778673,0.2765458841215548,-0.28098073029285936
1.1878,0.1643485184225298,-0.028196794579880214,-0.12709868800656243,-0.18050845732730647,0.28162016904519,-0.2809729800713337
1.2079,0.1700485813852764,-0.029695336870942123,-0.13067084047680635,-0.18090789017406517,0.2848752350534307,-0.28188857899015024
1.2271,0.1751700347921715,-0.030933288749669524,-0.13412121584467543,-0.18341488798148453,0.2876349914298671,-0.28299824600500817
1.2467,0.17755845315080043,-0.030838659717502402,-0.1378865509528409,-0.19939025230048957,0.2875645840579528,-0.2858980275958055
1.2671,0.1808929151944045,-0.030933372602108135,-0.14210258134597722,-0.21460198463110286,0.2888269091924221,-0.2884749076096507
1.2863,0.18704486294467546,-0.03234544921455031,-0.14617854557551427,-0.21645396141126766,0.293233571925452,-0.28896544992431933
1.3063,0.19466410741621762,-0.03436461491913433,-0.15039107232450852,-0.2134847321272183,0.29891041553089887,-0.28879000646864667
1.3258,0.20290702041615497,-0.03693139090126084,-0.15436730895422218,-0.20493359271399283,0.3046677864043149,-0.2878537704266659
1.3456,0.20713555423635274,-0.037863524374312674,-0.15848249259012528,-0.21245096098491648,0.30584389393412786,-0.2891863562779588
1.3655,0.2103679591868007,-0.038451735259741514,-0.16282548642704003,-0.22360595182011092,0.3058922847047275,-0.29090533984354283
1.3853,0.21621059538063603,-0.04047841064632664,-0.16717547935531157,-0.22097176005808453,0.3082196187108098,-0.29058270711657036
1.4064,0.2224309848052508,-0.04239250235334873,-0.17178986789926834,-0.22115666064416462,0.3110417403992013,-0.2907259172748821
1.4248,0.2287639328177918,-0.04405016119891454,-0.1758097577159104,-0.2220822706909647,0.3150148091880427,-0.290974877514488
1.4445,0.23170538412029232,-0.04435899888498627,-0.18035052075828925,-0.23711589739864375,0.31504260148094676,-0.2930901795749516
1.4644,0.23515576660248416,-0.045379128540367096,-0.18515753125487247,-0.2455211096361105,0.31487739475099175,-0.29410132023336955
1.4845,0.23997482806571743,-0.046852483950362005,-0.19012033914154758,-0.2503772707121218,0.3163613421328327,-0.2945754418921174
1.5041,0.24818430768572375,-0.04969398329819773,-0.19485795431608816,-0.24244727658447093,0.3214387521346006,-0.2933405397100746
1.5243,0.2545120897773386,-0.05094780090830605,-0.19980232774657603,-0.25130712721666426,0.32566049636325156,-0.29454860194296933
1.5434,0.2601788892882222,-0.051765831165743875,-0.2046972651844817,-0.2637910426368585,0.32967202351978037,-0.29615146309954954
1.5651,0.2693291042082298,-0.05474413883199546,-0.21027645324562033,-0.2584665587908708,0.3353673477648908,-0.2951683876084014
1.5837,0.2795007832284566,-0.058472567416576825,-0.21480065048794478,-0.24318801238029045,0.3420119105123478,-0.2929682587542129
1.6032,0.28559107917536886,-0.059614363625822994,-0.2196219951191616,-0.2542852320116293,0.3456873302666471,-0.2945269893999971
1.6385,0.30120223499134613,-0.06452337624169181,-0.22839788843644337,-0.24862190560593442,0.3552685654894406,-0.2938016327490421
1.6424,0.3048212740973258,-0.06524714055431839,-0.22928485013892136,-0.24660777344775622,0.3590718163518982,-0.29345332721327877
1.6622,0.317149500113409,-0.0699765051922191,-0.23384424932643727,-0.2254556042957756,0.3667027883892866,-0.2906649221638985
1.6823,0.32163448111361237,-0.07085932522691958,-0.23853199036816447,-0.2408838584332706,0.367289239546232,-0.2929689198119636
1.702,0.32491715767399865,-0.07080311590332486,-0.24355044369372578,-0.2653542318318718,0.3676401976099309,-0.29628334932660905
1.7337,0.33796231395383836,-0.0752581108226457,-0.2518448406120444,-0.26307887143670017,0.37393044602729064,-0.29576332546520345
1.7417,0.34305649390431,-0.07683009209685793,-0.253831205009011,-0.25855149386720544,0.3776625071166767,-0.29499663793612296
1.7615,0.3522477593878636,-0.07958546656421142,-0.2588740215250674,-0.25889185028658734,0.38310577472310536,-0.2949987151718429
1.7821,0.35738482875077254,-0.08017796754769811,-0.26442158070804456,-0.2806821999519016,0.3851138367495194,-0.2977824327527453
1.8017,0.36410541724663226,-0.0820376890765684,-0.26998224673976196,-0.2896540373662094,0.3880432166597544,-0.2986365493834064
1.8392,0.37933984362710954,-0.08742446158836986,-0.28076819422902793,-0.29129460262386314,0.394626076951219,-0.298287206084402
1.8447,0.38222661312008893,-0.0880883000327774,-0.2823428494517235,-0.29258480381964347,0.39685321680667335,-0.29813700600443965
1.8604,0.3909153637115571,-0.09095393950523652,-0.28681012893083413,-0.28899080891705803,0.4023084096730652,-0.2973461556502214
1.8801,0.405093201551721,-0.09667857325231453,-0.29211896465585335,-0.26577671148069115,0.41086731401691207,-0.294118452347297
1.8998,0.4190093726437073,-0.10279872407600418,-0.2969347861901183,-0.2391014878545835,0.41801696159083085,-0.2907301194036799
1.9209,0.42054878062882906,-0.10296049751481892,-0.3023612793148384,-0.2673640177508936,0.4140211717735944,-0.2945701025783593
1.9415,0.42639400653636333,-0.1054751523420538,-0.3079459826439482,-0.27409286649417036,0.41373732654471534,-0.29532162789178174
1.9592,0.4368765790681039,-0.11101373171010527,-0.3124397663201669,-0.24923914793449906,0.41700516338148846,-0.2919667455977282
1.9812,0.4418553663187509,-0.11296297964151564,-0.3181117697082385,-0.26428790822437925,0.4158220091721247,-0.2941039466428069
2.0011,0.44412979834580757,-0.11319186652598814,-0.3237336918480757,-0.2924029484015634,0.4138349943648427,-0.29768286257263155
2.0319,0.4613472941432179,-0.1215662832037058,-0.3323084712074509,-0.26501145982448754,0.42061118763720085,-0.29383401322565494
2.0415,0.46533201892256876,-0.12349029965865504,-0.33479743929108696,-0.2623469788671122,0.42143278506302867,-0.29340579888483503
2.0591,0.46579782868037906,-0.12308821342166824,-0.33981218160142335,-0.2933942871600538,0.4182608057905571,-0.2974046568633022
2.0825,0.4712645121267905,-0.1254343674086207,-0.3468677506846833,-0.309402540248931,0.4176303721029794,-0.2991536496248705
2.0979,0.4764666032484796,-0.12827620468258327,-0.3516069738502944,-0.3078500216331785,0.41786598735390906,-0.2985266452199474
2.1311,0.48534935645719474,-0.13264657401484709,-0.3620070131361454,-0.32267073597640905,0.417616359120195,-0.2999345802201831
2.1385,0.48557621117491884,-0.1327479575973995,-0.364541497804197,-0.33308257095440647,0.4162968131848799,-0.30089905296985997
2.1571,0.4974776550388385,-0.13883323201846753,-0.37040411432945564,-0.3110783465305988,0.42188949241608587,-0.2975772829374436
2.1824,0.5033361026484884,-0.1415607490465633,-0.3784951782605776,-0.329978290953209,0.4215592015174593,-0.2996699100330155
2.1983,0.5091012074564008,-0.143700656444865,-0.3838129910970858,-0.3402491421660784,0.42442877387320527,-0.30059606172903225
2.2271,0.5288276761102595,-0.1527982098341946,-0.39312992722045803,-0.3163042239652475,0.4363490901557568,-0.2971173314726031
2.244,0.5361080565195542,-0.15577101470424423,-0.3984906531960061,-0.3230899199740348,0.43996026919780973,-0.29782417516536097
2.2563,0.5384792697282089,-0.15638360147332253,-0.40267347703919526,-0.34114679322824004,0.440432694502505,-0.2998332015382008
2.2762,0.5544119246589534,-0.1647393949440721,-0.4089278015132554,-0.3073993525580655,0.4488205963629448,-0.2951556955474829
2.2969,0.5688909041718057,-0.1728071008511031,-0.41482802832100596,-0.2772779782090431,0.4546944303954414,-0.2913155998678494
2.3203,0.5760873717010602,-0.17653445114997401,-0.4214526194613551,-0.29004586480146555,0.45493668500090667,-0.29321159252738066
2.3366,0.582367016797034,-0.1794425354921025,-0.42622874289658047,-0.29792346102116846,0.45697250577380283,-0.2942672752520864
2.3552,0.5929113160740979,-0.1847146172479887,-0.4315961540797115,-0.29143975185411647,0.46179583298048815,-0.2935655035014693
2.3746,0.5970249452425632,-0.18700041038476403,-0.43748524665410793,-0.3098037025261171,0.4603974509139425,-0.2959165264749544
2.3959,0.6018067291327232,-0.18981231190202955,-0.44431133753207386,-0.3274391179227331,0.4590575592214583,-0.2979449565515407
2.4198,0.6112162161682856,-0.19570759218456146,-0.45207859303729936,-0.32424724324579635,0.460085603354846,-0.29718475673557126
2.4475,0.6209057992553031,-0.20131243029761284,-0.4611502119872661,-0.33398402286616424,0.46159878364053974,-0.29823134307118937
2.4542,0.6252989831982134,-0.20358243376664661,-0.46327329307967224,-0.3295177515729699,0.46401129187762963,-0.2974525781979254
2.475,0.636805971145102,-0.21060753593282505,-0.4698889203843825,-0.3139065724652875,0.4676817704526906,-0.2952802320705623
2.4932,0.6416997398811651,-0.21385968862336396,-0.47572788036314334,-0.3239376412400961,0.4669120916116746,-0.2964362013318037
2.5132,0.650406204363099,-0.2193017045081274,-0.4821336169009316,-0.32101872074690135,0.46884547961623696,-0.29597670762328043
2.5333,0.6605633597713816,-0.22641629519537496,-0.48834269819567333,-0.30254119284883113,0.47022162960794117,-0.2935876140432103
2.553,0.6628505418473846,-0.22920615337030392,-0.4945745079211825,-0.3169836004394368,0.4653176559795691,-0.29537680874652494
2.5726,0.6705969377715194,-0.234784733842728,-0.5007133384403327,-0.31122727776328246,0.46565763347135214,-0.2946276479447703
2.5923,0.6759497511565401,-0.23906893533307286,-0.5069338357019376,-0.3159254445076617,0.4640667906421468,-0.295195662442365
2.6129,0.6804052514186563,-0.24197446226668715,-0.5137073893265607,-0.3377126257356667,0.46366766641244583,-0.29791976110417556
2.6323,0.6868457156064488,-0.24609261945520897,-0.5203468511884151,-0.347823509652034,0.4651907167801268,-0.2989385581179818
2.6518,0.6907843665385133,-0.24897821740187798,-0.5273752498989522,-0.3673079410127349,0.4645240119392446,-0.3009552452524923
2.6717,0.6993547459848697,-0.25465898546646537,-0.5346123398427293,-0.3667012272725653,0.46750094811472376,-0.30031371426753695
2.6917,0.7100279204385321,-0.2612990522543102,-0.5417710830349912,-0.36178821466406863,0.472816956940177,-0.29930558874884067
2.7112,0.7236872367115181,-0.2699721589758912,-0.5484136174349501,-0.34045147733362097,0.47987460990124553,-0.29643000630029975
2.732,0.7390426374653292,-0.2802745702276596,-0.5549636434139195,-0.3084423038620583,0.486588734184444,-0.29250995912230415
2.751,0.7429216699814023,-0.2841999487401843,-0.5610067581018428,-0.31819022984493683,0.48357707276403855,-0.2938760361455234
2.7707,0.7454312654625751,-0.28741454129616656,-0.5675646923977546,-0.33472662777279527,0.4794242547372877,-0.2959577296683725
2.7905,0.7458552677120838,-0.2892181685046738,-0.5746443860338047,-0.3631358642893614,0.4743511082173189,-0.2993084011773612
2.8103,0.7493995016260467,-0.2922957361140348,-0.5821267080128734,-0.3862067183842697,0.4736630949866466,-0.3018172921785329
2.8302,0.756855074503147,-0.2975946188865315,-0.5898502002907684,-0.39515619699195714,0.4768182329515965,-0.30242171283386643
2.8502,0.7693679818732901,-0.30616268967932686,-0.5974253970933522,-0.38081032847385443,0.4836551315742885,-0.3001392892785896
2.8695,0.786376743663045,-0.31730107507899685,-0.6041397196416991,-0.34894890361241665,0.4943757939940828,-0.29605983588392276
2.8905,0.7990477856200094,-0.3266374786664529,-0.6111384373059181,-0.33136858858130347,0.499423848642018,-0.29399830197141497
2.9103,0.8101735339177342,-0.3352746543694308,-0.6174233842267087,-0.31506942113028946,0.5027350054282447,-0.29223819140000284
2.9305,0.81711357574495,-0.34143752427947316,-0.6238238015527696,-0.31774586367042257,0.5024896291639729,-0.2929254087162095
2.9491,0.8208548020699876,-0.3455406082048748,-0.6299513050410196,-0.33140380690753485,0.5001617422920894,-0.29483229666765065
2.9684,0.8298388500634544,-0.35289730824956916,-0.636219443163081,-0.3250879458512711,0.5024387883300466,-0.2942313690170582
2.9881,0.8288502295075212,-0.3535361989415829,-0.6432593665251923,-0.37064791461665497,0.497903459797801,-0.29986392114703125
3.0091,0.833204755104122,-0.3583152972008482,-0.6512729679637937,-0.3867830358819505,0.4963904236210306,-0.3014722653495052
3.0282,0.8398022342836636,-0.3650155259588006,-0.6586147957280494,-0.3810576534312818,0.4957486021900249,-0.30025486501922005
3.048,0.846978742397211,-0.3721798408184132,-0.6660930948502637,-0.3744946304442802,0.4955326862040126,-0.29902922919555563
3.0674,0.8557518276323341,-0.38027900993196434,-0.6731758625226234,-0.36192843057258256,0.4970096021753278,-0.29720650154274486
3.0876,0.8603305724003444,-0.38537075572887075,-0.6806705394168255,-0.37576202739644277,0.49620829606695266,-0.29871277103302357
3.1076,0.8652528176867932,-0.3904421966629206,-0.688366934450939,-0.3922401553870708,0.4967930425784666,-0.30045141525590496
3.1408,0.8811381063836237,-0.4043662706459199,-0.7011163428972927,-0.3821874177977598,0.5034959057029581,-0.2988334929048561
3.1471,0.8873002222885785,-0.408682701191546,-0.7032613578934748,-0.37243650052107463,0.508419782252019,-0.29746767773562505
3.1666,0.8980910551858866,-0.41781043488028885,-0.7102882623642736,-0.36341525222870663,0.5138300747529605,-0.29633987114236604
3.1882,0.9094465629508892,-0.4279651686538427,-0.7178910984136694,-0.35131096460241196,0.518230802758341,-0.29495893879999896
3.21,0.91378338518189,-0.4335991662282306,-0.725802825133123,-0.36949247197295687,0.5165083168890531,-0.2972670201422036
3.2383,0.9248274961244577,-0.44482167205606465,-0.7361811039059581,-0.3673480904753808,0.5187318644875242,-0.2970251093024509
3.246,0.9296061205923621,-0.4489622048645879,-0.7388588378680896,-0.3611312184049487,0.5212557839810609,-0.29621072527871994
3.2658,0.9394821530359294,-0.45804224175442276,-0.745841926454782,-0.356793342288272,0.5258637630101267,-0.29585533484084997
3.2851,0.9482905794635201,-0.4668039724155234,-0.7525892674636069,-0.35009980402931656,0.5283645654090227,-0.29521602896600474
3.3084,0.9519824829354104,-0.4733752010553736,-0.7610012682563307,-0.3602072845580656,0.5230595193610187,-0.29641949897808095
3.3293,0.9546854825459945,-0.479111404645831,-0.7687724211065562,-0.36788408016454716,0.5173646369153623,-0.2971433647271323
3.3444,0.9557684251863804,-0.48288414175796,-0.7745362379122497,-0.37333975777981054,0.5120125026482208,-0.29751430519408056
3.3641,0.9612674774570275,-0.489916226766863,-0.7819435368054323,-0.3765748208657407,0.5115608103416827,-0.2977869504682495
3.3845,0.9637051780488753,-0.4946615908937698,-0.7899489145524121,-0.3998100439710745,0.5095777673882861,-0.3004546073995717
3.4041,0.966176914461549,-0.49940690036953045,-0.7980770871613596,-0.42117759029340746,0.5081202693561031,-0.30260829363057246
3.4263,0.9665512249242375,-0.5030889103891178,-0.8079339482363864,-0.4568358101739315,0.5049504302460877,-0.3061603074243307
3.4448,0.9729684004453294,-0.510462134864027,-0.8163573526480566,-0.46351917261777403,0.5089353745657906,-0.3060818730838596
3.4632,0.9879251629248293,-0.5237926355556886,-0.8242476804675609,-0.43950685148778723,0.5215954480843266,-0.3025695759633274
3.4829,1.006839292224815,-0.5404914976242602,-0.8320134931748473,-0.39948030414352936,0.5366267768351455,-0.29758741206333933
3.5028,1.0254590839411615,-0.557683863830896,-0.839070659798085,-0.3523215848304156,0.5486663804510228,-0.292304703614278
3.5235,1.0292939449049514,-0.5650736323800445,-0.8465278480228692,-0.3537938164565116,0.5434427808883975,-0.2928214946949843
3.5423,1.024919005185245,-0.5661842111997181,-0.8538923979537778,-0.38414958380565845,0.5308611260681192,-0.2964577599508525
3.562,1.0245029685493843,-0.5701654702703385,-0.8618980689441128,-0.4034783949828407,0.5233764685613305,-0.2985693521140508
3.5817,1.0237440119323025,-0.5735663307139061,-0.8703337670247437,-0.43172416769532984,0.5177611695245793,-0.30156207930319706
3.6016,1.0303748777095072,-0.5823924347012467,-0.8788678045695797,-0.4346228451056677,0.5209039417464716,-0.30141298142045964
3.6227,1.0388680851779897,-0.5930912076439423,-0.8878514031951592,-0.4294822507133644,0.5252221392872869,-0.30028487050220587
3.642,1.0487955400518105,-0.6046008118585354,-0.8958016489364514,-0.41700001293826916,0.5314916870001231,-0.29840360579139985
3.6611,1.0578150250958838,-0.6155102275213532,-0.9035004314221741,-0.4083295387181583,0.5368007156796735,-0.29718421544208806
3.681,1.0671462410349342,-0.6270692452527157,-0.91134978456957,-0.39725468968021865,0.5415861711477972,-0.2958378304448435
3.7008,1.0749256053048513,-0.6377432063237256,-0.9190397699757552,-0.3871546770375796,0.5434669004597611,-0.29475028859738395
3.721,1.078802808335652,-0.645725757780375,-0.9269730214968734,-0.38857285144416537,0.5401586846531329,-0.2950006959116455
3.7405,1.0839934712710124,-0.6548539730196046,-0.9345183152223572,-0.37777643996562454,0.5371578019364391,-0.29383405552028147
3.76,1.0851166899826898,-0.6606581760945155,-0.942177004667867,-0.3865256533843739,0.530801747011861,-0.29497536166357907
3.7797,1.0796375814101156,-0.6609818222777484,-0.9506195726305922,-0.4292372583876098,0.5195185996229252,-0.29990598086371145
3.8005,1.081860808877907,-0.6677737210879336,-0.9597817482875668,-0.44338168113932463,0.5173257160436989,-0.3012074790836253
3.8328,1.0875435910214881,-0.6797903179809405,-0.974352456512413,-0.4727616365983549,0.5206686210930582,-0.3043109674405513
3.8432,1.0961192849894392,-0.6889577919300882,-0.9788436295444541,-0.467958070184836,0.532519571710802,-0.30357511402768067
3.8596,1.1088886926212314,-0.7034033384439704,-0.9858775040427251,-0.4491348313139571,0.5464883836237998,-0.3011659470055923
3.8792,1.1153006090818107,-0.7137334291115712,-0.994587990029063,-0.4555693515824038,0.5517320994137598,-0.3016905071649762
3.8988,1.1221583793354393,-0.7247919967993797,-1.0033647109720383,-0.4536375461900742,0.5558794193343178,-0.30111941662261543
3.9222,1.129888458643332,-0.7379975495143191,-1.0138117157882058,-0.4453027593638665,0.5582895416403485,-0.29979573412288757
3.9439,1.1386232951789823,-0.7518683890792384,-1.0231656416424686,-0.42597610410612774,0.5609108260793518,-0.297335293732784
3.9593,1.1431313730077852,-0.7603804761634377,-1.0296314508328321,-0.4161210693056718,0.5600260059097473,-0.29608476944372464
3.978,1.1480840504113667,-0.7702636594905817,-1.0373547101899248,-0.40885876492124235,0.5591396994429084,-0.2952543692012166
3.9977,1.1526590817801785,-0.780102822379363,-1.045407411778537,-0.4079768067831736,0.5587002600769427,-0.2952783454117099
4.0315,1.1553529086358594,-0.7922286369931651,-1.0596458544987488,-0.4427605873568558,0.5561622007575463,-0.29961926676857503
4.0448,1.1577004127399242,-0.7983467778492288,-1.065588013721861,-0.4512355223904745,0.5574679074199217,-0.30035706463123585
4.0621,1.1548103510535135,-0.8009535774719735,-1.073957194868298,-0.49024302890033683,0.5533910123554546,-0.3044628082593487
4.0774,1.1594253263859273,-0.8099413835295391,-1.0813387153237515,-0.49623764764854156,0.5590242190436511,-0.3046861173165938
4.0971,1.1718407602985905,-0.8277755623580295,-1.0904231715245798,-0.4717122581196978,0.5722419139987266,-0.3015058149538666
4.1202,1.1892733268714135,-0.8518059522527444,-1.100257002307143,-0.4213915297577214,0.5878608916807724,-0.2957314393200056
4.1429,1.1952991090221636,-0.865179950123918,-1.1097208169219885,-0.4142208183233626,0.5881075311336339,-0.29513337131994033
4.1563,1.1963705583489357,-0.8707974811907612,-1.1154124507947276,-0.4155611836644806,0.5840200868026382,-0.2952885478102393
4.1759,1.1942025021407627,-0.8753862424319948,-1.1240852850455885,-0.43983381573604385,0.5755724632797283,-0.29808331961510726
4.1958,1.193873164596428,-0.8819255443008801,-1.1331976193697428,-0.458101044778763,0.5704496215090886,-0.29999384252228517
4.2172,1.1920394986160776,-0.8876062795633619,-1.1435053277539868,-0.49046618782203444,0.5656809823301476,-0.30329071356682114
4.2375,1.1947661014625868,-0.8976415599364025,-1.1535226213690128,-0.5026230038798055,0.5677959054927256,-0.30409285794534147
4.2547,1.2003793712237212,-0.9096794347926245,-1.1619107634883767,-0.5014489930179508,0.5749111642669422,-0.30349794691707277
4.2747,1.2107800147101275,-0.9278582756750094,-1.1712994383119144,-0.4824202219954479,0.5876500887717655,-0.30110974618560565
4.2944,1.2225021319350664,-0.9475366685841613,-1.1800433922629419,-0.45307296080223153,0.6003806076823196,-0.2978706740204996
4.3143,1.2316801578339163,-0.9648154448124383,-1.1885413037051915,-0.426932234919467,0.6068865449647207,-0.2951740959473335
4.3351,1.2364435101090827,-0.9779087281293619,-1.19732343041796,-0.4159935960951998,0.6058216745264381,-0.29422825731134294
4.3539,1.2382575252873866,-0.9871382104597015,-1.205275494935841,-0.41459244052353184,0.6010194771252546,-0.29423176344823787
4.3734,1.2374147202541692,-0.9939003539797296,-1.2137324834291192,-0.4293199817711081,0.5941633890914947,-0.29593171552814085
4.3932,1.2305234590742986,-0.994358798003295,-1.2231513729817727,-0.47581739599804357,0.5812390615050932,-0.3008339540851676
4.4137,1.228002686019944,-1.000041093584824,-1.2333887271550215,-0.5045502917658551,0.575757698278358,-0.30348264936164765
4.4342,1.2324803756082594,-1.0138360624204419,-1.2435250457324285,-0.5064020936788501,0.5822635730174683,-0.30325503844732576
4.4528,1.2388450853742092,-1.0294482530339384,-1.2525176491739782,-0.5050565010002145,0.594138846280036,-0.302952415030675
4.4726,1.243631596975709,-1.044154473381148,-1.2622498733879814,-0.5114662971517842,0.603762834423777,-0.303523938915595
4.4924,1.2507396609063135,-1.0615737213227405,-1.2718835328774079,-0.4975112569580384,0.6133653380842423,-0.30172047926349654
4.5121,1.258868470479008,-1.079953495444519,-1.2811151510310417,-0.4667233915272114,0.6198009315947531,-0.29815406211013873
4.5328,1.2663997617768359,-1.0978499520444405,-1.290312207331326,-0.4298572860879185,0.6213431519603009,-0.294181464366154
4.5524,1.2663869870813387,-1.1062306308544736,-1.299024294205161,-0.4269376292256825,0.6117940504102063,-0.2940476419306569
4.5717,1.264396191912376,-1.1124056414424932,-1.3077195561682162,-0.44077948342311996,0.6027035281776051,-0.29585553775735673
4.5914,1.2578167707468793,-1.1140227279908572,-1.3172661409332866,-0.49285909247389753,0.593619109136086,-0.3018437949283548
4.6121,1.2531849667945294,-1.1191346771843118,-1.328076465337393,-0.5421306924195646,0.591153343336892,-0.3071346800069679
4.6347,1.2477953270240176,-1.1246603223528346,-1.3409858199114641,-0.5953362772846799,0.5888175048995608,-0.31225895941387516
4.6517,1.247209808526189,-1.1336250688286902,-1.3511812401921643,-0.6164648487481756,0.5933423039060517,-0.3135338650671166
4.6709,1.2540328952859545,-1.1530832890125258,-1.362318076059207,-0.5938439679407304,0.6061111908177865,-0.3098553293802896
4.6907,1.26509521928347,-1.1788182801081193,-1.3729224637492659,-0.551269119976241,0.6253573831337151,-0.30455474318950565
4.7103,1.277182235196718,-1.205916348039316,-1.3824989960269367,-0.5001058769498684,0.6438852771871111,-0.29904712706596365
4.7302,1.2817403200311324,-1.2232128313006452,-1.3920855227903606,-0.4836919409108254,0.6487617270653868,-0.29760911670620754
4.7508,1.2791462338036048,-1.231225117155553,-1.4024895624729767,-0.5011177752889889,0.6412307491558427,-0.29959588490102346
4.7696,1.273892804124679,-1.234667549957128,-1.4126105798396489,-0.5307838660909954,0.6301516730191724,-0.3024844965710651
4.7894,1.2678325719517156,-1.2378086978688194,-1.4238654637203423,-0.565620392302152,0.6191994047402729,-0.30556956674597213
4.8099,1.266478079988479,-1.2485325631298136,-1.435601900053017,-0.5783303597909488,0.6186469666179553,-0.30623761287831086
4.8374,1.2671061890581212,-1.2670394332553465,-1.4513712578160387,-0.5836436165199282,0.6236440074861911,-0.3061304727699465
4.8522,1.269833007640826,-1.2811874704617385,-1.45959080885837,-0.575547405085023,0.632273356152923,-0.30495677079287353
4.8688,1.273975817705883,-1.2983855752390658,-1.4685904176350184,-0.5559086035527114,0.6413588058143196,-0.302656629009987
4.8891,1.2736330646192928,-1.3113744894772974,-1.4798710873974796,-0.5592551960527187,0.6420039020918703,-0.30281547034901174
4.9088,1.2708995039416946,-1.3203399152303295,-1.4911728990662099,-0.5731236569914341,0.6377470788897887,-0.3038427560944354
4.9378,1.2664853198491666,-1.3335037344520637,-1.5082023883032376,-0.596823922527463,0.6326861216422103,-0.30557399231187726
4.9586,1.2668633332369614,-1.3501333840650551,-1.5203035203758493,-0.598263233320177,0.6408378714489997,-0.3051485449259334
4.9696,1.266961610719367,-1.3605672924264132,-1.5265761477537603,-0.6067669197694961,0.6508892999722932,-0.3057155990683627
4.9885,1.2714471736360078,-1.3843354331936226,-1.5370894411706222,-0.587307176077774,0.6702856889051904,-0.30348789181384317
5.0163,1.2766203944103003,-1.4150937000433337,-1.552421633144004,-0.5514513179302316,0.6860568159821113,-0.2996416480584155
5.027,1.2790519749734468,-1.4282891659520829,-1.557824468123393,-0.5358773702567137,0.6939621971283025,-0.29802029587260476
5.0484,1.2794465525592813,-1.44465804630744,-1.569164000246049,-0.5194908195026693,0.6919479650886449,-0.2961886119815171
5.0665,1.2784879067804085,-1.4553968302377165,-1.5786990585923573,-0.5092080573805029,0.6846204322994242,-0.2949201009867504
5.0864,1.2752897494534172,-1.4638020624986492,-1.5892425554891965,-0.5134208679472259,0.6738001893230766,-0.2952924599588903
5.1085,1.2674383827599411,-1.4684050675852975,-1.601404074464376,-0.5568648980618053,0.6627162709763741,-0.29993698477218644
5.139,1.2594413526024013,-1.4820447565353514,-1.618904422773372,-0.6019530812950213,0.660191424579504,-0.3047084104649063
5.1473,1.25751812169682,-1.4879042741228101,-1.623846065140506,-0.6148647267450351,0.6648538262082274,-0.3058516175808304
5.1652,1.2550777112825904,-1.5008442341220871,-1.6347208504143085,-0.6214864746967996,0.6691960585588587,-0.30607112934144864
5.1849,1.2532911209538395,-1.5163013323906076,-1.6467367317981465,-0.618574077664156,0.67359541958117,-0.3051843637787075
5.2052,1.2556990206919174,-1.5399403811916847,-1.658469970876112,-0.58241970819671,0.6849534136350286,-0.30120351140336454
5.2261,1.257243094819865,-1.5620910381047899,-1.6699964503746518,-0.5497343479698269,0.6923078632583849,-0.29797955837826057
5.2477,1.2551344604857138,-1.5779156904374698,-1.6817806915984062,-0.5423245013340131,0.6916759018372759,-0.29745815034217615
5.2643,1.2488040743278157,-1.5805460060440126,-1.6914707853745798,-0.5702813854100279,0.6804420171134314,-0.3001044016225102
5.2841,1.240360273273386,-1.5838066434176552,-1.7035173839989692,-0.612413242491315,0.6705017984480336,-0.3039014302953957
5.3043,1.2327890122962795,-1.5912255683094922,-1.7163021390201634,-0.6478449721222936,0.6678898412088701,-0.30688337225389806
5.3247,1.2289512268120526,-1.6075661501892393,-1.7292146788758045,-0.6512200691597089,0.6756475761645648,-0.306549608305522
5.3433,1.2303387939249906,-1.6325437701622838,-1.740260406417416,-0.6116965780351096,0.6918230083566012,-0.3021718108542531
5.3631,1.231968436652412,-1.6587446988299024,-1.751322212298329,-0.5663941393626694,0.7060790184372214,-0.2977121869890916
5.3831,1.2337997492666593,-1.684181122896657,-1.7617206825376492,-0.5171464609145336,0.7162518288834526,-0.29335114619586017
5.405,1.2273476301087807,-1.6923620075888721,-1.773616106341795,-0.5348853941191674,0.7048594788654402,-0.2955657816555388
5.4224,1.2192206849227265,-1.6924287248612702,-1.7838605513169306,-0.5741007805658435,0.6898766086622521,-0.2993612581390996
5.4422,1.2090444638728812,-1.6926366560981454,-1.7962181510448867,-0.6264182486026904,0.6763125295123606,-0.3041264188292495
5.4623,1.200150454245166,-1.7004583990342923,-1.8091562483650803,-0.664823448878334,0.6759965449850063,-0.3074526110273974
5.4919,1.1959354744288748,-1.7322298766045616,-1.827740218643705,-0.6333885987218515,0.6949301511131727,-0.30371995710826155
5.5037,1.1969568384350553,-1.7566836573463915,-1.8338217232795742,-0.5923010119647629,0.7186156276307032,-0.29987391867281793
5.5231,1.197937921710729,-1.7876832940722178,-1.843905978795842,-0.5318258404275819,0.7387437584146739,-0.2944580715722044
5.5426,1.1954126284636142,-1.8058796656259613,-1.853928704707792,-0.5068802380119921,0.7402100015461792,-0.29259951275924956
5.5618,1.1883967295075117,-1.8103225346833944,-1.864379557004522,-0.5288253338391884,0.7257754748011767,-0.29502657069823557
5.5814,1.181363690020698,-1.8161103384249293,-1.8753419813410601,-0.5483669639432197,0.7138973087163436,-0.2970499872656515
5.601,1.1729641118102183,-1.8207794908020083,-1.8867350347798217,-0.5795746530688148,0.7036992480637005,-0.30008815434888597
5.6214,1.1645299404892697,-1.8300217523528257,-1.8988377257222067,-0.6038271923740204,0.7012099028195499,-0.30234797469333313
5.6415,1.153637831840054,-1.834493406119007,-1.9115854502365366,-0.6516547655737847,0.696072832985459,-0.30658197870932224
5.6613,1.1464189762943962,-1.8502798278337267,-1.9241546034511152,-0.6537957223460731,0.7038966827244781,-0.30610776094302894
5.6798,1.1431529155888263,-1.8743711711465914,-1.9352238187543687,-0.6140405250373233,0.7191490466611951,-0.3018522882244148
5.7006,1.1400713633122226,-1.8986409297690687,-1.9471397060812081,-0.5677701270117237,0.7285645690645137,-0.29739715585994253
5.7244,1.1333203400939462,-1.913788285138549,-1.9607028632622747,-0.5585798635421182,0.723682117656466,-0.2968283139142201
5.7408,1.1281413323279927,-1.921449045187021,-1.970114310882707,-0.5599796707201453,0.7167748757335085,-0.2971539478858564
5.7609,1.1187786554869052,-1.9260614661172717,-1.982008648844433,-0.5925391923572672,0.7071518025211863,-0.30051291970075444
5.7796,1.1107645744872774,-1.9339440871478597,-1.9933678705916917,-0.6093621258894374,0.7031414916657086,-0.30210228203173495
5.7985,1.1033188292100513,-1.9442926099507933,-2.0049600306526765,-0.6153909990727358,0.7017147916478577,-0.30249759298167245
5.824,1.0950750428684886,-1.9625128043311675,-2.0204249725715204,-0.6002775676780736,0.7028073859316708,-0.3008683577541259
5.8395,1.0901503324786923,-1.9728090145630217,-2.029656181179491,-0.5912137697901518,0.701735217655159,-0.29998005722728527
5.8587,1.082603245036957,-1.980659546769116,-2.0412996697616337,-0.6005703940320245,0.695693095789558,-0.30088754523412703
5.8786,1.0710009734374581,-1.9786874489649797,-2.054309442893656,-0.6588872151897821,0.6817257852238814,-0.3062892995940249
5.8983,1.0583164492202297,-1.9785770712770654,-2.0681210432834076,-0.7183259633991282,0.6740206945101619,-0.3113230543525379
5.9183,1.0472227686008928,-1.992676212931305,-2.082134356605054,-0.7287413299825647,0.6846092327777409,-0.31136523290148915
5.9375,1.0383806884410773,-2.0192990004109177,-2.0947303946143423,-0.6908312408368065,0.7096213142184815,-0.30701474402156964
5.9587,1.0314592944934988,-2.0587214801030904,-2.107110893633443,-0.601994941474159,0.7439501616775486,-0.29849833818482857
5.9787,1.024963655937325,-2.089063066234526,-2.1176607999166226,-0.536174596238676,0.7640145742503751,-0.2929881818820871
5.9966,1.018865542024979,-2.105788936499255,-2.1268320798325666,-0.5075213274808253,0.7664589886951764,-0.2910532661033278
6.0176,1.0090442394747137,-2.1053161071308404,-2.1386159777557947,-0.5474774852893434,0.7454235996747557,-0.2951662245815064
6.0447,0.9932381409258644,-2.1023966296979637,-2.1549966541760175,-0.624475792120148,0.7221458480919192,-0.3025765485712639
6.0572,0.9859639985358308,-2.103965779031491,-2.1632177324821473,-0.6489239333656822,0.7166607930229218,-0.3044802586105814
6.0759,0.9756154405914904,-2.1188601786407144,-2.1749204691080033,-0.6429834101239303,0.7251973077297709,-0.30376773234906684
6.0952,0.9629853711056479,-2.130302324097989,-2.1871747028091706,-0.660114697280432,0.7317942081458871,-0.3053442946816965
6.1174,0.9494365678747684,-2.145478241615529,-2.201501812092576,-0.6641458653061117,0.7395619449444679,-0.30539794437034323
6.1362,0.9404661609262598,-2.1664853877841006,-2.213078033952031,-0.6228641956306525,0.7514930765496021,-0.30120784262067896
6.1557,0.93311980007534,-2.1847754761239866,-2.2246432676353884,-0.5794541722273017,0.7545991364298775,-0.29697270048045826
6.1754,0.9254394445646883,-2.1946090317883757,-2.236194608212519,-0.5672543687346843,0.7467508765736247,-0.2958046059108795
6.1945,0.9152705657324907,-2.1905433506458456,-2.2482210401559466,-0.6192718879876271,0.7269370062355186,-0.30043279309635607
6.2146,0.9026457114397899,-2.1928283132462707,-2.2612837887081554,-0.6601196213349657,0.7192029999114719,-0.30393407489409263
6.2344,0.8903733602188312,-2.207595212990423,-2.27387906128897,-0.6511484643497667,0.7277937600412585,-0.3027663275538543
6.255,0.877583667745012,-2.2234079722474416,-2.2867740926610742,-0.6389436522413474,0.7366969041193931,-0.30150976604924073
6.2763,0.8657690553676136,-2.2436278304631547,-2.299565676706376,-0.6022088654146016,0.7474234616681124,-0.298207304889686
6.2932,0.8571930180259163,-2.2575010993744318,-2.309318931193903,-0.5766680611978684,0.7510870420311226,-0.2962023161453637
6.314,0.846602063918914,-2.2581502182266986,-2.3221725875109334,-0.6100040446901754,0.735413815541425,-0.29952268017568207
6.3334,0.8352490878167443,-2.2531894994667017,-2.335208339966014,-0.6699690606261929,0.7174553993478254,-0.3049113364336198
6.3535,0.8218780637829087,-2.256295086237205,-2.3491264318190215,-0.7045167684953536,0.7127533530177609,-0.30760484178133224
6.3731,0.8083999519060068,-2.270885811231317,-2.3623581388487196,-0.6899970647937284,0.7229480670727647,-0.30572247605629366
6.3965,0.793121735239453,-2.2948950418548786,-2.3772951168257626,-0.6391304073366406,0.7405294577727164,-0.3008261891500906
6.4123,0.7824331824662771,-2.3077880511563,-2.3868753329594035,-0.6205370222641197,0.7482495877700927,-0.29933947347617285
6.4321,0.7703884090425811,-2.308242700884,-2.399872250822922,-0.658212592192584,0.7373767448517796,-0.3028274692532193
6.452,0.7579185829832711,-2.3083200861295228,-2.4136735337604667,-0.6973551473089554,0.7271310870639356,-0.3060202153124631
6.4716,0.745684377836281,-2.315893538248284,-2.4273550048151016,-0.6993739948997446,0.7259323879820386,-0.30545683253279443
6.4914,0.7321429368846084,-2.3275851053957184,-2.4408324644123325,-0.6876592690353229,0.7313136963630267,-0.3038807370965762
6.5118,0.7171464013602278,-2.3395567677362186,-2.4544606945300766,-0.6799831675461426,0.7382940652281338,-0.30295572320059083
6.5317,0.7027021502927575,-2.3480807035300084,-2.467878037956293,-0.6850703445598187,0.7409829354632507,-0.30324622900048254
6.5517,0.688811937157395,-2.3612627439445633,-2.48107936555886,-0.663436126256334,0.7473024988512859,-0.3011390222813543
6.5711,0.6774626629101433,-2.3681194337426654,-2.4940432146786127,-0.6606877118381349,0.7430884331433331,-0.3007879468459463
6.5923,0.6643995466566281,-2.367726779348233,-2.5088021774566767,-0.6988645625031676,0.7315552974181468,-0.3041922619228638
6.6105,0.6514181604023234,-2.366787135126929,-2.5221274027735268,-0.7405984842676246,0.7248109032652816,-0.3076545495675665
6.6347,0.6325387611369728,-2.375988073439596,-2.53985339130833,-0.7470837244867086,0.7298116735202914,-0.30754637523158457
6.6503,0.6182848347312259,-2.386624913395175,-2.550886748344095,-0.7338516341263663,0.7411331698770689,-0.3058459348016174
6.6695,0.6010916603352999,-2.4041127227579144,-2.563867499489386,-0.6918628707829241,0.7581423501411997,-0.30171428352481966
6.6893,0.5852511509355031,-2.416411129957746,-2.5769956820429494,-0.6701783907604935,0.7659294786617871,-0.29967582811662874
6.7099,0.5708010953324207,-2.415742985562381,-2.59144321273497,-0.7100660338770526,0.7568962133818582,-0.30302909951462464
6.7378,0.5496370765926041,-2.414773972135991,-2.6120665241015346,-0.7679048710686048,0.7475534833458779,-0.3077591166504605
6.7491,0.5383568673059487,-2.4170492252155924,-2.620677123327687,-0.7847973901549163,0.7518328279109521,-0.30859519474052705
6.7689,0.517833533952741,-2.431793051339153,-2.6351712906469063,-0.7563369482102521,0.7702160509781241,-0.3054629767395267
6.7885,0.49593039477131545,-2.4560171128165296,-2.64809806844901,-0.6785545270660001,0.7990161830436928,-0.29860750109077583
6.8083,0.47683229470750615,-2.4749277226471036,-2.660260499810898,-0.6205757323767345,0.8163568280500121,-0.29433777713161774
6.8287,0.46257412912940415,-2.481311095114789,-2.672983221085158,-0.6159700953543213,0.8120115557248105,-0.2948390305897757
6.8492,0.4522618507450932,-2.4734626528482506,-2.687077263774374,-0.6781980821233543,0.7871986811873761,-0.3005345924541135
6.8689,0.4414042944670522,-2.4637281193828744,-2.7019469412008625,-0.7518828713689885,0.7640403135840876,-0.30664964194345024
6.8871,0.4277299406869324,-2.4616973787184224,-2.7161769814694003,-0.788542626939805,0.7569905397864939,-0.3092073352619078
6.9068,0.40913915392434896,-2.4642868194503977,-2.7316790619454805,-0.8099163818633134,0.7608520242585154,-0.31032337293716344
6.9332,0.3820236364411303,-2.4747941981990995,-2.752275588039378,-0.7992887019134624,0.7760919845006897,-0.3084907307216026
6.9466,0.3613667443148404,-2.4898234560153796,-2.7614401115871603,-0.7535095763283086,0.802915058233101,-0.30435231181836186
6.9676,0.3380863839692035,-2.5070956165707847,-2.775841820964524,-0.6915001593381208,0.8234221977662579,-0.29912907198728567
6.9863,0.323928088239751,-2.510775757060852,-2.788831068386912,-0.6893539136699889,0.8195668005797958,-0.29900774636006866
7.0066,0.31138340156890404,-2.506892593836698,-2.8036899767799772,-0.7274041584274693,0.8038266875448636,-0.301899943553904
7.0267,0.29608819031751843,-2.506932906876962,-2.8186411709438546,-0.7462321462465751,0.7974367966944019,-0.30301241428051207
7.0456,0.2772923675839145,-2.5153286478395693,-2.832057207188016,-0.7196688699883161,0.8067311002021451,-0.30039442867129246
7.0658,0.2511974973388084,-2.5351334257978464,-2.84460671742348,-0.6350313293075772,0.8359259816716185,-0.29361420591831516
7.0852,0.21599597939529905,-2.5612036595495784,-2.8541446828333354,-0.4447336785700194,0.8588900644954257,-0.26642242646337355
7.1054,0.16670693927428581,-2.6004802631353585,-2.8584843520807475,-0.19937527566402552,0.9161355329383838,-0.24006591261085725
7.1249,0.13963407303428382,-2.6181038348628025,-2.860762336888456,-0.05458796784911306,0.9160253494917103,-0.22019652746636714
7.1543,0.11181440330870442,-2.6282117768523685,-2.8620778923544443,0.06958403203703165,0.8757431172969085,-0.19429156966139946
7.1728,0.10369342775585542,-2.6156464247200653,-2.8630437785780334,0.01741487891424555,0.8090682417420543,-0.18469026939907837
7.1843,0.09494079256047476,-2.6038958570225947,-2.8646093390241774,-0.055496615844640704,0.7660726524414144,-0.1812104597277685
7.204,0.08235690670486638,-2.5878501964447245,-2.8678893631111704,-0.14972769138379724,0.699178426852689,-0.17354916479555277
7.2244,0.07059119709014593,-2.581930437673852,-2.871978832065956,-0.16905689798439688,0.6502418343844321,-0.16176444149738586
7.2435,0.062471291773536636,-2.585004786425057,-2.875246707540825,-0.1202903358737593,0.616735539459673,-0.14718891303865558
7.268,0.05241874456015701,-2.5859053896147004,-2.8785926080504995,-0.08966429487544518,0.5702776949841639,-0.13256962999643276
7.2831,0.04766813484944452,-2.587101646190321,-2.8801190627054303,-0.06744652248292218,0.5421878788386093,-0.12386118621498439
7.3027,0.03850702257604404,-2.590884092600068,-2.8813258974794023,-0.029527129337409714,0.5156804214259012,-0.11305660805090646
7.3232,0.028108685904185332,-2.5933415069407686,-2.8819558399187577,-0.0074930325627595605,0.48826648374727943,-0.10415624490310489
7.3427,0.017071933197467616,-2.5903056036018843,-2.882727051283981,-0.03518975371752326,0.4564063911003471,-0.10052791176991363
7.3623,0.006145532950491982,-2.585852179983953,-2.884177842128141,-0.07494544590840353,0.4235110720627947,-0.09810649397587527
7.382,-0.001981761668861575,-2.5847160643590694,-2.8860155435026558,-0.08308611877927327,0.3937414945141596,-0.09265988248524462
7.4022,-0.010182744186074672,-2.584046322726431,-2.8879751263005686,-0.08846617946068289,0.3658423002061081,-0.08723397066207757
7.4216,-0.018073186457142048,-2.583549856023846,-2.889913440643243,-0.09340018666055008,0.34110682048920926,-0.08231494178675901
7.4414,-0.023533860907812294,-2.58725263146765,-2.8914827942872243,-0.06014222118367521,0.3204086874469216,-0.07347527950435194
7.4618,-0.028251448154059635,-2.58878508113708,-2.8927057080313463,-0.04619912694105182,0.29481547827435445,-0.06705468785320796
7.4813,-0.032584817147443275,-2.5886840283705865,-2.8937814111188884,-0.047278834894975696,0.2688768233937505,-0.06290039450379149
7.5009,-0.03610587314115665,-2.587439643354007,-2.8950101948820492,-0.05754476940819231,0.2409735250249212,-0.059932755697733445
7.521,-0.03742556876410253,-2.5889485566373915,-2.8961184444602357,-0.0414356275055835,0.21533685884864542,-0.05390539957750174
7.5405,-0.04215433924513438,-2.5882799769489866,-2.897111826950156,-0.04990107119811943,0.19421197977878293,-0.051650309429766596
7.561,-0.045860276567540006,-2.5888439901400226,-2.898158985141215,-0.04629579103925727,0.1736486197370751,-0.04789517577594281
7.58,-0.04620660442248209,-2.59147872747182,-2.89879077755665,-0.021038465736112726,0.15444001944438027,-0.04176522320962272
7.5998,-0.048402677540693655,-2.5908921849937943,-2.8993653970673203,-0.027137379629886698,0.13262153427672332,-0.03998205980710063
7.6198,-0.050793023927385605,-2.5894164333669383,-2.9001638485588703,-0.04110897234588651,0.1107306525856879,-0.039316219554419427
7.64,-0.04918310019275159,-2.5910606483759735,-2.900831251560102,-0.02223108957303775,0.08904669896260577,-0.03418031037827006
7.6595,-0.048872138055311536,-2.5910631280589773,-2.9013046388457173,-0.020204646233407418,0.06871341760822959,-0.03181882377718777
7.6791,-0.05035192155483062,-2.589609544684605,-2.901921897848808,-0.033438021979518714,0.05010971796557444,-0.03180633950375609
7.6987,-0.04998531394761852,-2.589768006484753,-2.9025670189314168,-0.02959733636292512,0.03271288489076807,-0.02939608954697886
7.7192,-0.048263995200769225,-2.590258660918123,-2.9031069529276743,-0.02104842069742289,0.013959636214505427,-0.02637407514518601
7.7384,-0.04676941431774381,-2.589604496157889,-2.903588973462586,-0.02327897359384811,-0.004372809598383523,-0.025196714421267793
7.7596,-0.04444370517706462,-2.5893113891335253,-2.904095215953684,-0.020865446287503284,-0.023561442681042176,-0.023300166068010567
7.7806,-0.042166056780112586,-2.5887641148045066,-2.9045700546717423,-0.02077299558381747,-0.041545297123903424,-0.021930798490728053
7.7986,-0.040205518537778207,-2.587764324018376,-2.9050398804654374,-0.02535030638909231,-0.05687815889714897,-0.021533756623461502
7.8174,-0.0377470680976737,-2.586737957592975,-2.905601222726548,-0.029222851539647453,-0.07254792763755717,-0.021017098587665317
7.8375,-0.033777071550566105,-2.586185194824155,-2.906183967386198,-0.026367385552876637,-0.08957578013568049,-0.01942594112616985
7.8575,-0.028852794189130934,-2.5856992421055063,-2.9066802274344643,-0.021519755338792825,-0.10706026804327302,-0.017636964526538308
7.8767,-0.02319429862511767,-2.5849978410258334,-2.9070788143709154,-0.017669240596534335,-0.12501545024480665,-0.016141366622226025
7.8969,-0.01640038049989903,-2.5841712919073343,-2.9074147462274986,-0.013145254348169119,-0.14448614141005767,-0.014595474598729964
7.9169,-0.00984666271700356,-2.5825621899240017,-2.907762421535388,-0.01615537815685601,-0.16372469174807555,-0.014367513004108975
7.9429,-0.0022977481783611297,-2.580348753420411,-2.9083087565423327,-0.02229647950425314,-0.18496172426248952,-0.014540606833813285
7.9647,0.005193823760287373,-2.578431562767183,-2.9088844674039906,-0.026042657654064296,-0.20355342226950335,-0.014428368938504337
7.9759,0.011007781127941686,-2.577086385877704,-2.9092444738256593,-0.028497323920423413,-0.21746629711446597,-0.014385943013513935
7.9954,0.018883236744137333,-2.575571776748816,-2.9098181495017723,-0.02784507335689535,-0.23359138374555558,-0.01366827208796872
8.0265,0.030100042334733033,-2.5738643258100256,-2.9106150866802714,-0.021507032115997714,-0.2525685009094179,-0.011856324272457357
8.0412,0.037061212194863996,-2.5726655131717693,-2.9109263753621293,-0.01993937673397905,-0.26517328166940934,-0.011307211981321187
8.0549,0.04362451370931579,-2.57151255987003,-2.9111971878299014,-0.01862961987865967,-0.27646698022092236,-0.010865741360004236
8.0747,0.051249561417304565,-2.569667208148326,-2.9116136019690857,-0.020979175039671914,-0.2879405723274573,-0.011030896317224927
8.0949,0.05878160837495242,-2.567680950317398,-2.912101878480782,-0.024632116219876328,-0.2983181192262274,-0.011414600765725114
8.1141,0.06604882463496994,-2.565954681609478,-2.9126072842597024,-0.026255291385240416,-0.30713641796870433,-0.011460515956105841
8.1349,0.07377256913590563,-2.564264825236781,-2.9131600988700175,-0.02631795420446598,-0.3150283526068873,-0.011243133482571072
8.154,0.08082577843740922,-2.5626971894277357,-2.9136708667727036,-0.026559985528248807,-0.3215421383070868,-0.011109391545252425
8.1737,0.08826682939021223,-2.561376590652265,-2.9141506117745735,-0.023501046594795526,-0.32729834105681554,-0.010437597545950285
8.1936,0.09574278896845045,-2.5601597301554913,-2.91455585505373,-0.01923417512694711,-0.33217410178583384,-0.009632598697524777
8.2131,0.10261714088901104,-2.5586724014958806,-2.9149256333451783,-0.018693553003633137,-0.3361601409827878,-0.009539618480226896
8.2332,0.10961943879885488,-2.557002260253739,-2.9153182222913654,-0.01961021069984974,-0.3400582296040071,-0.009699205983800379
8.2533,0.11638365422769992,-2.55515047763268,-2.9157627012337715,-0.022724060052647984,-0.3434468962136993,-0.010222361872238437
8.2788,0.12538446059913957,-2.5532111649310956,-2.9163277003640813,-0.02170926502448196,-0.34727390487256865,-0.009970466453776267
8.2923,0.13033554008657008,-2.5521320600617163,-2.916621799308894,-0.021673258685255666,-0.3497193848577463,-0.009971069488778156
8.3121,0.1377402281950433,-2.550678723466561,-2.917024299531505,-0.01982032707133754,-0.35310221545253306,-0.009627791514292468
8.3331,0.14571796576598386,-2.5490764730318283,-2.9174177511433435,-0.018245233390052306,-0.35690314662306255,-0.009354890852177533
8.352,0.15258086749855285,-2.5473135110326672,-2.9178006608078944,-0.020631338986865356,-0.36002687676188827,-0.009788564456282182
8.3816,0.16342743152617864,-2.5447495333083996,-2.918430324208969,-0.021882466179339123,-0.3641289008893066,-0.009945070441790937
8.3916,0.16758570247446894,-2.543903090968444,-2.9186471072245914,-0.021749731646792513,-0.3667223004129747,-0.009942630754151723
8.4113,0.1752333344940542,-2.542152669487728,-2.919086568785957,-0.0225516066120449,-0.3702067687301148,-0.010046131933051797
8.4311,0.18317338813662715,-2.5405150666641454,-2.919519241404891,-0.02171217181473627,-0.373746511292513,-0.009858310800474966
8.4521,0.19152314632052284,-2.538772395097374,-2.9199622654781634,-0.020937579957317928,-0.37692096719014784,-0.009698120665163453
8.4718,0.19937279368344413,-2.537086241889965,-2.9203707208706913,-0.020745019016127974,-0.37979932110116565,-0.009658954839807431
8.4909,0.20703345366568288,-2.5355173807240066,-2.920751860283605,-0.019820870503112577,-0.3822425804873003,-0.009506100627616844
8.5103,0.21453188504805398,-2.53366049969806,-2.9211699343790394,-0.02202704448596752,-0.3844489161655571,-0.009901463456942811
8.5308,0.22253152793003525,-2.531770525437769,-2.921642861293874,-0.023486182284221634,-0.3865315429652462,-0.010130879773967589
8.5503,0.2303213698073835,-2.53018379513465,-2.922083929133851,-0.022462530007283942,-0.38816098110864217,-0.009926989865601336
8.5765,0.24059041440661363,-2.5280450734989164,-2.922652201353975,-0.02120632462933095,-0.3895079829892264,-0.009671357645627212
8.5892,0.24580952612852944,-2.527094302132759,-2.9228976641868463,-0.019715568654387717,-0.39057489043258325,-0.009458898952720118
8.6088,0.2535757605694479,-2.5255069724903323,-2.923269488116323,-0.018718972344115424,-0.3915767736641081,-0.009323824106572766
8.6319,0.2626076878345998,-2.52354706789173,-2.92369992646269,-0.018558920956245856,-0.39254634312124326,-0.009337507920740748
8.6493,0.2693562514522468,-2.5219638563664306,-2.924043032202645,-0.019816620611352132,-0.3933744959233084,-0.009603771672421641
8.6821,0.2822645591768311,-2.5192612594087556,-2.924670772590316,-0.01841420396944159,-0.394444645349025,-0.009339347361662273
8.6927,0.2864813735531757,-2.5183447529002794,-2.9248727746806473,-0.018798359012750645,-0.39503652646822535,-0.009472052030123893
8.708,0.29238410878161714,-2.5168539930333766,-2.9251953245007045,-0.021109971958685338,-0.3958134734737436,-0.009914894353618997
8.7278,0.3001791797234269,-2.515075141577259,-2.9256279143674586,-0.02216920126342158,-0.39672377555913063,-0.010088785007701863
8.7478,0.30817776201911895,-2.5133712561351724,-2.9260691259076848,-0.022105685690926732,-0.39764370795245635,-0.010051999172572717
8.7684,0.31639579119065864,-2.511592288992165,-2.926526683531696,-0.02232933933666922,-0.39850450066960375,-0.010065510103821779
8.7886,0.324663173599659,-2.5099821217701166,-2.9269534193517743,-0.020869260678993525,-0.39951614425509296,-0.009789127502480465
8.808,0.3325020613839749,-2.5083517596101985,-2.927352041095069,-0.02053140883201726,-0.40033176211459875,-0.009735526929194048
8.8276,0.3404954480186566,-2.506708900100116,-2.927745774664989,-0.02006045198861361,-0.40132752873015987,-0.00966117313435535
8.8465,0.34806062407877647,-2.50504737743226,-2.928133649823662,-0.02066048050281065,-0.4019473905467878,-0.0097829462064285
8.8677,0.3565485604596194,-2.503196261816426,-2.9285781583069506,-0.021142502579978024,-0.4025307798095871,-0.009862475414401045
8.8863,0.36422087937336317,-2.5017638242700806,-2.928942501237082,-0.01934457481884105,-0.40309045525115217,-0.009558023437898598
8.9063,0.3721113013407955,-2.4999257942120354,-2.929355345871494,-0.021031894089052105,-0.4034386842267687,-0.009874582007232081
8.926,0.3799701021635398,-2.498154803020009,-2.9297869358316406,-0.02220355290374117,-0.4039130355266361,-0.010072193587341365
8.9476,0.38859070861290895,-2.496291882819836,-2.9302722642418253,-0.022622820222848946,-0.40408197752132113,-0.01011544014506845
8.9655,0.3960201845847996,-2.4948959603491585,-2.9306528755888506,-0.02116970374325718,-0.40472149867597285,-0.009852066433181874
